,timestamp,buyer,seller,symbol,currency,price,quantity,day
11,2000700,Charlie,Gina,RAINFOREST_RESIN,SEASHELLS,9997.0,9,2
338,2021800,Gina,Charlie,KELP,SEASHELLS,2047.0,10,2
349,2022600,Gina,Camilla,KELP,SEASHELLS,2047.0,2,2
350,2022600,Gina,Charlie,KELP,SEASHELLS,2047.0,5,2
351,2022600,Gina,Camilla,SQUID_INK,SEASHELLS,1794.0,2,2
442,2028600,Camilla,Gina,KELP,SEASHELLS,2046.0,1,2
443,2028600,Charlie,Gina,KELP,SEASHELLS,2046.0,6,2
444,2028600,Camilla,Gina,SQUID_INK,SEASHELLS,1783.0,1,2
445,2028600,Charlie,Gina,SQUID_INK,SEASHELLS,1783.0,6,2
482,2030800,Gina,Caesar,RAINFOREST_RESIN,SEASHELLS,10003.0,11,2
632,2040400,Charlie,Gina,KELP,SEASHELLS,2046.0,8,2
633,2040400,Charlie,Gina,SQUID_INK,SEASHELLS,1787.0,8,2
672,2043700,Gina,Camilla,RAINFOREST_RESIN,SEASHELLS,10003.0,5,2
699,2045400,Paris,Gina,RAINFOREST_RESIN,SEASHELLS,10001.0,1,2
723,2047200,Charlie,Gina,KELP,SEASHELLS,2046.0,8,2
724,2047200,Charlie,Gina,SQUID_INK,SEASHELLS,1786.0,8,2
930,2057100,Paris,Gina,RAINFOREST_RESIN,SEASHELLS,10001.0,1,2
931,2057100,Charlie,Gina,RAINFOREST_RESIN,SEASHELLS,9997.0,6,2
948,2057900,Gina,Paris,KELP,SEASHELLS,2045.0,1,2
950,2057900,Gina,Paris,SQUID_INK,SEASHELLS,1793.0,1,2
992,2059800,Charlie,Gina,KELP,SEASHELLS,2046.0,10,2
995,2059800,Charlie,Gina,SQUID_INK,SEASHELLS,1785.0,10,2
1093,2065500,Gina,Camilla,KELP,SEASHELLS,2048.0,4,2
1094,2065500,Gina,Gary,KELP,SEASHELLS,2048.0,4,2
1095,2065500,Gina,Camilla,SQUID_INK,SEASHELLS,1776.0,4,2
1096,2065500,Gina,Gary,SQUID_INK,SEASHELLS,1776.0,4,2
1099,2065700,Charlie,Gina,RAINFOREST_RESIN,SEASHELLS,9997.0,8,2
1118,2066900,Gina,Penelope,KELP,SEASHELLS,2047.0,8,2
1119,2066900,Gina,Penelope,SQUID_INK,SEASHELLS,1780.0,8,2
1159,2068900,Gina,Paris,RAINFOREST_RESIN,SEASHELLS,9999.0,1,2
1334,2079300,Charlie,Gina,KELP,SEASHELLS,2046.0,10,2
1336,2079300,Charlie,Gina,SQUID_INK,SEASHELLS,1781.0,10,2
1341,2079900,Camilla,Gina,KELP,SEASHELLS,2046.0,2,2
1342,2079900,Charlie,Gina,KELP,SEASHELLS,2046.0,5,2
1343,2079900,Camilla,Gina,SQUID_INK,SEASHELLS,1780.0,2,2
1344,2079900,Charlie,Gina,SQUID_INK,SEASHELLS,1780.0,5,2
1544,2090600,Charlie,Gina,KELP,SEASHELLS,2048.0,8,2
1882,2109400,Gina,Camilla,KELP,SEASHELLS,2051.0,6,2
1883,2109400,Gina,Charlie,KELP,SEASHELLS,2051.0,2,2
1884,2109400,Gina,Camilla,SQUID_INK,SEASHELLS,1797.0,6,2
1885,2109400,Gina,Charlie,SQUID_INK,SEASHELLS,1797.0,2,2
1914,2111500,Pablo,Gina,RAINFOREST_RESIN,SEASHELLS,9997.0,5,2
1915,2111500,Charlie,Gina,RAINFOREST_RESIN,SEASHELLS,9997.0,6,2
2000,2115600,Gina,Paris,RAINFOREST_RESIN,SEASHELLS,9999.0,1,2
2005,2116100,Gina,Charlie,RAINFOREST_RESIN,SEASHELLS,10003.0,9,2
2131,2125300,Camilla,Gina,KELP,SEASHELLS,2047.0,8,2
2132,2125300,Charlie,Gina,KELP,SEASHELLS,2047.0,1,2
2134,2125300,Camilla,Gina,SQUID_INK,SEASHELLS,1782.0,8,2
2135,2125300,Charlie,Gina,SQUID_INK,SEASHELLS,1782.0,1,2
2273,2132700,Gina,Caesar,RAINFOREST_RESIN,SEASHELLS,10003.0,10,2
2355,2137300,Charlie,Gina,KELP,SEASHELLS,2047.0,10,2
2357,2137300,Penelope,Gina,SQUID_INK,SEASHELLS,1776.0,10,2
2423,2141500,Charlie,Gina,KELP,SEASHELLS,2047.0,9,2
2424,2141500,Charlie,Gina,SQUID_INK,SEASHELLS,1773.0,9,2
2444,2143100,Charlie,Gina,RAINFOREST_RESIN,SEASHELLS,9997.0,6,2
2624,2154200,Paris,Gina,KELP,SEASHELLS,2049.0,1,2
2626,2154200,Paris,Gina,SQUID_INK,SEASHELLS,1801.0,1,2
2627,2154200,Charlie,Gina,SQUID_INK,SEASHELLS,1799.0,6,2
2833,2165200,Charlie,Gina,SQUID_INK,SEASHELLS,1809.0,7,2
2993,2173900,Gina,Paris,KELP,SEASHELLS,2047.0,1,2
2994,2173900,Gina,Charlie,KELP,SEASHELLS,2049.0,7,2
2996,2173900,Gina,Paris,SQUID_INK,SEASHELLS,1803.0,1,2
3171,2183900,Paris,Gina,KELP,SEASHELLS,2049.0,1,2
3172,2183900,Charlie,Gina,KELP,SEASHELLS,2047.0,7,2
3174,2183900,Paris,Gina,SQUID_INK,SEASHELLS,1809.0,1,2
3175,2183900,Charlie,Gina,SQUID_INK,SEASHELLS,1808.0,7,2
3306,2191000,Charlie,Gina,SQUID_INK,SEASHELLS,1813.0,9,2
3331,2191700,Gina,Camilla,RAINFOREST_RESIN,SEASHELLS,10003.0,5,2
3477,2199500,Gina,Charlie,SQUID_INK,SEASHELLS,1820.0,8,2
3551,2202800,Gina,Camilla,KELP,SEASHELLS,2049.0,1,2
3552,2202800,Gina,Camilla,SQUID_INK,SEASHELLS,1825.0,1,2
3592,2205400,Gina,Paris,KELP,SEASHELLS,2047.0,1,2
3593,2205400,Gina,Paris,SQUID_INK,SEASHELLS,1833.0,1,2
3665,2208700,Camilla,Gina,KELP,SEASHELLS,2048.0,1,2
3666,2208700,Camilla,Gina,SQUID_INK,SEASHELLS,1829.0,1,2
3870,2218200,Charlie,Gina,RAINFOREST_RESIN,SEASHELLS,9997.0,8,2
3917,2220500,Gina,Charlie,SQUID_INK,SEASHELLS,1838.0,8,2
3918,2220600,Paris,Gina,RAINFOREST_RESIN,SEASHELLS,10001.0,1,2
3920,2220600,Charlie,Gina,RAINFOREST_RESIN,SEASHELLS,9997.0,10,2
3933,2221000,Charlie,Gina,KELP,SEASHELLS,2047.0,7,2
3936,2221000,Charlie,Gina,SQUID_INK,SEASHELLS,1837.0,7,2
4024,2225200,Charlie,Gina,KELP,SEASHELLS,2047.0,10,2
4025,2225200,Charlie,Gina,SQUID_INK,SEASHELLS,1837.0,10,2
4218,2237100,Gina,Camilla,RAINFOREST_RESIN,SEASHELLS,10003.0,4,2
4359,2243200,Gina,Charlie,KELP,SEASHELLS,2050.0,7,2
4484,2249900,Gina,Paris,KELP,SEASHELLS,2051.0,1,2
4485,2249900,Gina,Charlie,KELP,SEASHELLS,2051.0,9,2
4490,2249900,Gina,Paris,SQUID_INK,SEASHELLS,1845.0,1,2
4491,2249900,Gina,Charlie,SQUID_INK,SEASHELLS,1845.0,9,2
4568,2253700,Gina,Camilla,KELP,SEASHELLS,2050.0,4,2
4569,2253700,Gina,Camilla,SQUID_INK,SEASHELLS,1844.0,4,2
4570,2253700,Gina,Charlie,SQUID_INK,SEASHELLS,1844.0,5,2
4579,2254300,Charlie,Gina,KELP,SEASHELLS,2049.0,7,2
4580,2254300,Charlie,Gina,SQUID_INK,SEASHELLS,1842.0,7,2
4585,2254900,Paris,Gina,KELP,SEASHELLS,2051.0,1,2
4586,2254900,Pablo,Gina,KELP,SEASHELLS,2050.0,3,2
4587,2254900,Charlie,Gina,KELP,SEASHELLS,2049.0,5,2
4589,2254900,Paris,Gina,SQUID_INK,SEASHELLS,1842.0,1,2
4590,2254900,Pablo,Gina,SQUID_INK,SEASHELLS,1841.0,3,2
4591,2254900,Charlie,Gina,SQUID_INK,SEASHELLS,1840.0,5,2
4891,2269300,Paris,Gina,KELP,SEASHELLS,2049.0,1,2
4892,2269300,Charlie,Gina,KELP,SEASHELLS,2047.0,7,2
4893,2269300,Paris,Gina,SQUID_INK,SEASHELLS,1848.0,1,2
4929,2271600,Charlie,Gina,KELP,SEASHELLS,2047.0,7,2
4930,2271600,Charlie,Gina,SQUID_INK,SEASHELLS,1841.0,7,2
4939,2272000,Camilla,Gina,KELP,SEASHELLS,2047.0,8,2
4940,2272000,Camilla,Gina,SQUID_INK,SEASHELLS,1843.0,8,2
4954,2273300,Charlie,Gina,RAINFOREST_RESIN,SEASHELLS,9997.0,10,2
4959,2273700,Gina,Paris,RAINFOREST_RESIN,SEASHELLS,9999.0,1,2
5032,2277000,Gina,Camilla,RAINFOREST_RESIN,SEASHELLS,10003.0,4,2
5142,2284100,Charlie,Gina,KELP,SEASHELLS,2048.0,7,2
5145,2284100,Charlie,Gina,SQUID_INK,SEASHELLS,1836.0,7,2
5200,2287100,Gina,Charlie,SQUID_INK,SEASHELLS,1832.0,10,2
5496,2303800,Caesar,Gina,KELP,SEASHELLS,2048.0,6,2
5497,2303800,Camilla,Gina,KELP,SEASHELLS,2048.0,1,2
5499,2303800,Caesar,Gina,SQUID_INK,SEASHELLS,1844.0,6,2
5500,2303800,Camilla,Gina,SQUID_INK,SEASHELLS,1844.0,1,2
5549,2306000,Gina,Charlie,RAINFOREST_RESIN,SEASHELLS,10003.0,8,2
5695,2313700,Charlie,Gina,KELP,SEASHELLS,2049.0,8,2
5696,2313700,Charlie,Gina,SQUID_INK,SEASHELLS,1842.0,8,2
5715,2314900,Paris,Gina,KELP,SEASHELLS,2051.0,1,2
5716,2314900,Paris,Gina,KELP,SEASHELLS,2049.0,2,2
5717,2314900,Paris,Gina,SQUID_INK,SEASHELLS,1843.0,1,2
5718,2314900,Charlie,Gina,SQUID_INK,SEASHELLS,1841.0,7,2
5779,2317200,Gina,Charlie,RAINFOREST_RESIN,SEASHELLS,10003.0,6,2
5791,2317400,Gina,Charlie,RAINFOREST_RESIN,SEASHELLS,10003.0,7,2
5852,2320300,Camilla,Gina,RAINFOREST_RESIN,SEASHELLS,9997.0,6,2
5918,2322800,Charlie,Gina,KELP,SEASHELLS,2049.0,7,2
5919,2322800,Charlie,Gina,SQUID_INK,SEASHELLS,1855.0,7,2
5976,2326800,Charlie,Gina,RAINFOREST_RESIN,SEASHELLS,9997.0,7,2
6102,2332600,Gina,Caesar,RAINFOREST_RESIN,SEASHELLS,10003.0,7,2
6152,2335200,Gina,Caesar,RAINFOREST_RESIN,SEASHELLS,10003.0,12,2
6171,2336100,Gina,Camilla,RAINFOREST_RESIN,SEASHELLS,10003.0,3,2
6172,2336100,Gina,Paris,RAINFOREST_RESIN,SEASHELLS,10003.0,2,2
6173,2336100,Gina,Caesar,RAINFOREST_RESIN,SEASHELLS,10003.0,2,2
6336,2345800,Charlie,Gina,RAINFOREST_RESIN,SEASHELLS,9997.0,9,2
6341,2346000,Camilla,Gina,RAINFOREST_RESIN,SEASHELLS,9997.0,7,2
6359,2347700,Charlie,Gina,KELP,SEASHELLS,2049.0,9,2
6360,2347700,Charlie,Gina,SQUID_INK,SEASHELLS,1848.0,9,2
6452,2351300,Penelope,Gina,RAINFOREST_RESIN,SEASHELLS,9997.0,4,2
6532,2354300,Pablo,Gina,RAINFOREST_RESIN,SEASHELLS,10002.0,4,2
6575,2356000,Charlie,Gina,KELP,SEASHELLS,2048.0,10,2
6577,2356000,Charlie,Gina,SQUID_INK,SEASHELLS,1855.0,10,2
6794,2365100,Camilla,Gina,KELP,SEASHELLS,2048.0,8,2
6795,2365100,Camilla,Gina,SQUID_INK,SEASHELLS,1856.0,8,2
6857,2368100,Paris,Gina,KELP,SEASHELLS,2048.0,2,2
6860,2368100,Paris,Gina,SQUID_INK,SEASHELLS,1865.0,2,2
6998,2375400,Camilla,Gina,KELP,SEASHELLS,2048.0,7,2
7000,2375400,Camilla,Gina,SQUID_INK,SEASHELLS,1876.0,7,2
7001,2375400,Charlie,Gina,SQUID_INK,SEASHELLS,1876.0,2,2
7049,2378100,Charlie,Gina,KELP,SEASHELLS,2047.0,7,2
7262,2388400,Camilla,Gina,KELP,SEASHELLS,2048.0,3,2
7263,2388400,Charlie,Gina,KELP,SEASHELLS,2048.0,5,2
7264,2388400,Camilla,Gina,SQUID_INK,SEASHELLS,1847.0,3,2
7265,2388400,Charlie,Gina,SQUID_INK,SEASHELLS,1847.0,5,2
7300,2390900,Caesar,Gina,KELP,SEASHELLS,2048.0,2,2
7301,2390900,Charlie,Gina,KELP,SEASHELLS,2048.0,7,2
7302,2390900,Charlie,Gina,SQUID_INK,SEASHELLS,1861.0,9,2
7356,2393500,Gina,Paris,RAINFOREST_RESIN,SEASHELLS,10003.0,1,2
7357,2393500,Gina,Charlie,RAINFOREST_RESIN,SEASHELLS,10003.0,7,2
7364,2394100,Charlie,Gina,RAINFOREST_RESIN,SEASHELLS,9997.0,10,2
7386,2395000,Charlie,Gina,RAINFOREST_RESIN,SEASHELLS,9997.0,6,2
7433,2398200,Gina,Charlie,SQUID_INK,SEASHELLS,1846.0,10,2
7597,2406100,Charlie,Gina,KELP,SEASHELLS,2048.0,7,2
7598,2406100,Charlie,Gina,SQUID_INK,SEASHELLS,1839.0,7,2
7685,2411300,Paris,Gina,KELP,SEASHELLS,2050.0,1,2
7686,2411300,Charlie,Gina,KELP,SEASHELLS,2048.0,6,2
7688,2411300,Paris,Gina,SQUID_INK,SEASHELLS,1847.0,1,2
7689,2411300,Charlie,Gina,SQUID_INK,SEASHELLS,1845.0,6,2
7696,2411800,Gina,Camilla,RAINFOREST_RESIN,SEASHELLS,10003.0,3,2
7697,2411800,Gina,Paris,RAINFOREST_RESIN,SEASHELLS,10003.0,1,2
7698,2411800,Gina,Charlie,RAINFOREST_RESIN,SEASHELLS,10003.0,4,2
7820,2419200,Charlie,Gina,KELP,SEASHELLS,2049.0,10,2
7822,2419200,Charlie,Gina,SQUID_INK,SEASHELLS,1855.0,10,2
7917,2425100,Gina,Charlie,KELP,SEASHELLS,2050.0,10,2
7920,2425200,Charlie,Gina,KELP,SEASHELLS,2048.0,7,2
7945,2426600,Caesar,Gina,KELP,SEASHELLS,2049.0,3,2
7947,2426600,Camilla,Gina,KELP,SEASHELLS,2049.0,4,2
7953,2426600,Caesar,Gina,SQUID_INK,SEASHELLS,1852.0,3,2
7955,2426600,Camilla,Gina,SQUID_INK,SEASHELLS,1852.0,4,2
7957,2426600,Charlie,Gina,SQUID_INK,SEASHELLS,1852.0,2,2
7978,2427600,Gina,Charlie,KELP,SEASHELLS,2051.0,8,2
7993,2428000,Gina,Charlie,KELP,SEASHELLS,2051.0,9,2
8019,2429700,Gina,Charlie,SQUID_INK,SEASHELLS,1852.0,7,2
8102,2435600,Caesar,Gina,KELP,SEASHELLS,2049.0,1,2
8104,2435600,Charlie,Gina,KELP,SEASHELLS,2049.0,8,2
8105,2435600,Charlie,Gina,SQUID_INK,SEASHELLS,1861.0,9,2
8184,2439000,Gina,Paris,RAINFOREST_RESIN,SEASHELLS,9999.0,1,2
8334,2445600,Paris,Gina,RAINFOREST_RESIN,SEASHELLS,10001.0,1,2
8353,2447100,Caesar,Gina,KELP,SEASHELLS,2048.0,5,2
8354,2447100,Charlie,Gina,KELP,SEASHELLS,2048.0,2,2
8355,2447100,Caesar,Gina,SQUID_INK,SEASHELLS,1873.0,5,2
8374,2448500,Charlie,Gina,KELP,SEASHELLS,2048.0,7,2
8376,2448500,Charlie,Gina,SQUID_INK,SEASHELLS,1874.0,7,2
8698,2465900,Charlie,Gina,KELP,SEASHELLS,2049.0,9,2
8700,2465900,Charlie,Gina,SQUID_INK,SEASHELLS,1893.0,9,2
8850,2472600,Charlie,Gina,KELP,SEASHELLS,2048.0,8,2
8852,2472600,Charlie,Gina,SQUID_INK,SEASHELLS,1876.0,8,2
8890,2474700,Gina,Camilla,RAINFOREST_RESIN,SEASHELLS,10003.0,2,2
8892,2474700,Gina,Charlie,RAINFOREST_RESIN,SEASHELLS,10003.0,10,2
9105,2484900,Charlie,Gina,KELP,SEASHELLS,2048.0,9,2
9106,2484900,Charlie,Gina,SQUID_INK,SEASHELLS,1851.0,9,2
9108,2485000,Charlie,Gina,RAINFOREST_RESIN,SEASHELLS,9997.0,10,2
9135,2486200,Gina,Charlie,RAINFOREST_RESIN,SEASHELLS,10003.0,10,2
9232,2492500,Charlie,Gina,KELP,SEASHELLS,2048.0,7,2
9233,2492500,Charlie,Gina,SQUID_INK,SEASHELLS,1802.0,7,2
9236,2492900,Gina,Pablo,RAINFOREST_RESIN,SEASHELLS,9998.0,5,2
9237,2492900,Gina,Caesar,RAINFOREST_RESIN,SEASHELLS,10003.0,6,2
9411,2501300,Gina,Charlie,RAINFOREST_RESIN,SEASHELLS,10003.0,9,2
9490,2505300,Gina,Penelope,RAINFOREST_RESIN,SEASHELLS,10003.0,8,2
9491,2505300,Gina,Charlie,RAINFOREST_RESIN,SEASHELLS,10003.0,4,2
9521,2506600,Gina,Paris,KELP,SEASHELLS,2048.0,1,2
9522,2506600,Gina,Pablo,KELP,SEASHELLS,2049.0,2,2
9523,2506600,Gina,Pablo,SQUID_INK,SEASHELLS,1809.0,2,2
9524,2506600,Gina,Paris,SQUID_INK,SEASHELLS,1809.0,1,2
9528,2507200,Charlie,Gina,KELP,SEASHELLS,2048.0,7,2
9529,2507200,Charlie,Gina,SQUID_INK,SEASHELLS,1811.0,7,2
9692,2517400,Charlie,Gina,KELP,SEASHELLS,2048.0,9,2
9693,2517400,Caesar,Gina,SQUID_INK,SEASHELLS,1772.0,1,2
9702,2518100,Caesar,Gina,RAINFOREST_RESIN,SEASHELLS,9997.0,10,2
9793,2523100,Gina,Pablo,RAINFOREST_RESIN,SEASHELLS,9998.0,5,2
9794,2523100,Gina,Charlie,RAINFOREST_RESIN,SEASHELLS,10003.0,4,2
9973,2535200,Gina,Paris,KELP,SEASHELLS,2047.0,1,2
9975,2535200,Gina,Paris,SQUID_INK,SEASHELLS,1793.0,1,2
10072,2539600,Charlie,Gina,KELP,SEASHELLS,2048.0,7,2
10075,2539900,Camilla,Gina,KELP,SEASHELLS,2048.0,2,2
10076,2539900,Charlie,Gina,KELP,SEASHELLS,2048.0,8,2
10077,2539900,Camilla,Gina,SQUID_INK,SEASHELLS,1771.0,2,2
10078,2539900,Charlie,Gina,SQUID_INK,SEASHELLS,1771.0,8,2
10111,2541800,Charlie,Gina,RAINFOREST_RESIN,SEASHELLS,9997.0,10,2
10163,2545000,Gina,Camilla,KELP,SEASHELLS,2050.0,6,2
10164,2545000,Gina,Charlie,KELP,SEASHELLS,2050.0,2,2
10166,2545000,Gina,Camilla,SQUID_INK,SEASHELLS,1809.0,6,2
10167,2545000,Gina,Charlie,SQUID_INK,SEASHELLS,1809.0,2,2
10284,2552600,Charlie,Gina,RAINFOREST_RESIN,SEASHELLS,9997.0,6,2
10341,2556100,Gina,Camilla,KELP,SEASHELLS,2050.0,7,2
10344,2556100,Gina,Camilla,SQUID_INK,SEASHELLS,1821.0,7,2
10447,2563300,Gina,Charlie,KELP,SEASHELLS,2051.0,9,2
10610,2573200,Gina,Paris,KELP,SEASHELLS,2048.0,1,2
10612,2573200,Gina,Paris,SQUID_INK,SEASHELLS,1852.0,1,2
10633,2574800,Gina,Charlie,KELP,SEASHELLS,2050.0,7,2
10649,2575900,Gina,Camilla,RAINFOREST_RESIN,SEASHELLS,10003.0,4,2
10658,2576500,Gina,Caesar,RAINFOREST_RESIN,SEASHELLS,10003.0,7,2
10688,2577500,Gina,Camilla,KELP,SEASHELLS,2050.0,1,2
10690,2577500,Gina,Camilla,SQUID_INK,SEASHELLS,1871.0,1,2
10842,2586600,Paris,Gina,KELP,SEASHELLS,2050.0,1,2
10844,2586600,Paris,Gina,SQUID_INK,SEASHELLS,1826.0,1,2
10845,2586600,Charlie,Gina,SQUID_INK,SEASHELLS,1824.0,7,2
10932,2591000,Charlie,Gina,SQUID_INK,SEASHELLS,1826.0,10,2
11274,2610100,Camilla,Gina,KELP,SEASHELLS,2047.0,3,2
11275,2610100,Charlie,Gina,KELP,SEASHELLS,2047.0,4,2
11277,2610100,Camilla,Gina,SQUID_INK,SEASHELLS,1812.0,3,2
11278,2610100,Charlie,Gina,SQUID_INK,SEASHELLS,1812.0,4,2
11300,2611500,Charlie,Gina,RAINFOREST_RESIN,SEASHELLS,9997.0,9,2
11345,2614500,Charlie,Gina,KELP,SEASHELLS,2045.0,7,2
11346,2614500,Charlie,Gina,SQUID_INK,SEASHELLS,1801.0,7,2
11383,2616400,Charlie,Gina,KELP,SEASHELLS,2046.0,7,2
11384,2616400,Charlie,Gina,SQUID_INK,SEASHELLS,1814.0,7,2
11458,2620300,Gina,Penelope,KELP,SEASHELLS,2047.0,7,2
11459,2620300,Gina,Penelope,SQUID_INK,SEASHELLS,1811.0,7,2
11470,2621100,Caesar,Gina,KELP,SEASHELLS,2046.0,2,2
11471,2621100,Charlie,Gina,KELP,SEASHELLS,2046.0,6,2
11472,2621100,Charlie,Gina,SQUID_INK,SEASHELLS,1800.0,8,2
11485,2621900,Gina,Charlie,RAINFOREST_RESIN,SEASHELLS,10003.0,7,2
11521,2623700,Charlie,Gina,SQUID_INK,SEASHELLS,1794.0,9,2
11621,2629100,Charlie,Gina,RAINFOREST_RESIN,SEASHELLS,9997.0,8,2
11631,2629300,Gina,Charlie,KELP,SEASHELLS,2047.0,10,2
11669,2632400,Gina,Pablo,RAINFOREST_RESIN,SEASHELLS,9998.0,3,2
11670,2632400,Gina,Charlie,RAINFOREST_RESIN,SEASHELLS,10003.0,3,2
11686,2633500,Charlie,Gina,KELP,SEASHELLS,2046.0,10,2
11688,2633500,Charlie,Gina,SQUID_INK,SEASHELLS,1803.0,10,2
11741,2636600,Caesar,Gina,KELP,SEASHELLS,2046.0,4,2
11742,2636600,Camilla,Gina,KELP,SEASHELLS,2046.0,6,2
11743,2636600,Caesar,Gina,SQUID_INK,SEASHELLS,1808.0,4,2
11744,2636600,Camilla,Gina,SQUID_INK,SEASHELLS,1808.0,6,2
11788,2639100,Charlie,Gina,KELP,SEASHELLS,2046.0,8,2
11789,2639100,Charlie,Gina,SQUID_INK,SEASHELLS,1802.0,8,2
11819,2641100,Gina,Charlie,SQUID_INK,SEASHELLS,1798.0,7,2
11935,2648300,Paris,Gina,KELP,SEASHELLS,2048.0,1,2
11936,2648300,Gary,Gina,KELP,SEASHELLS,2046.0,6,2
11937,2648300,Paris,Gina,SQUID_INK,SEASHELLS,1799.0,1,2
11938,2648300,Gary,Gina,SQUID_INK,SEASHELLS,1798.0,6,2
12018,2653700,Gina,Pablo,RAINFOREST_RESIN,SEASHELLS,9998.0,3,2
12019,2653700,Gina,Charlie,RAINFOREST_RESIN,SEASHELLS,10003.0,9,2
12021,2653800,Camilla,Gina,KELP,SEASHELLS,2046.0,2,2
12022,2653800,Charlie,Gina,KELP,SEASHELLS,2046.0,7,2
12024,2653800,Camilla,Gina,SQUID_INK,SEASHELLS,1793.0,2,2
12025,2653800,Charlie,Gina,SQUID_INK,SEASHELLS,1793.0,7,2
12121,2659400,Charlie,Gina,RAINFOREST_RESIN,SEASHELLS,9997.0,8,2
12186,2663000,Gina,Camilla,KELP,SEASHELLS,2048.0,3,2
12187,2663000,Gina,Camilla,SQUID_INK,SEASHELLS,1801.0,3,2
12231,2665900,Charlie,Gina,SQUID_INK,SEASHELLS,1781.0,7,2
12303,2667600,Charlie,Gina,KELP,SEASHELLS,2047.0,10,2
12305,2667600,Charlie,Gina,SQUID_INK,SEASHELLS,1797.0,10,2
12357,2672300,Charlie,Gina,KELP,SEASHELLS,2047.0,9,2
12359,2672300,Charlie,Gina,SQUID_INK,SEASHELLS,1798.0,9,2
12385,2674400,Paris,Gina,RAINFOREST_RESIN,SEASHELLS,10001.0,1,2
12386,2674400,Camilla,Gina,RAINFOREST_RESIN,SEASHELLS,9997.0,3,2
12387,2674400,Charlie,Gina,RAINFOREST_RESIN,SEASHELLS,9997.0,3,2
12487,2679000,Paris,Gina,RAINFOREST_RESIN,SEASHELLS,10001.0,1,2
12488,2679000,Charlie,Gina,RAINFOREST_RESIN,SEASHELLS,9997.0,10,2
12489,2679200,Caesar,Gina,RAINFOREST_RESIN,SEASHELLS,9997.0,8,2
12546,2682200,Gina,Paris,RAINFOREST_RESIN,SEASHELLS,9999.0,1,2
12547,2682200,Gina,Caesar,RAINFOREST_RESIN,SEASHELLS,10003.0,3,2
12548,2682200,Gina,Penelope,RAINFOREST_RESIN,SEASHELLS,10003.0,7,2
12676,2690300,Pablo,Gina,RAINFOREST_RESIN,SEASHELLS,10002.0,4,2
12677,2690300,Camilla,Gina,RAINFOREST_RESIN,SEASHELLS,9997.0,2,2
13127,2715300,Gina,Pablo,KELP,SEASHELLS,2048.0,2,2
13128,2715300,Gina,Charlie,KELP,SEASHELLS,2050.0,8,2
13131,2715300,Gina,Pablo,SQUID_INK,SEASHELLS,1831.0,2,2
13132,2715300,Gina,Charlie,SQUID_INK,SEASHELLS,1833.0,8,2
13147,2716300,Gina,Charlie,RAINFOREST_RESIN,SEASHELLS,10003.0,8,2
13172,2717300,Gina,Charlie,RAINFOREST_RESIN,SEASHELLS,10003.0,9,2
13235,2720100,Camilla,Gina,RAINFOREST_RESIN,SEASHELLS,9997.0,5,2
13236,2720100,Penelope,Gina,RAINFOREST_RESIN,SEASHELLS,9997.0,3,2
13352,2726500,Charlie,Gina,RAINFOREST_RESIN,SEASHELLS,9997.0,9,2
13388,2728100,Gina,Charlie,RAINFOREST_RESIN,SEASHELLS,10003.0,9,2
13423,2729700,Charlie,Gina,KELP,SEASHELLS,2048.0,8,2
13424,2729700,Charlie,Gina,SQUID_INK,SEASHELLS,1818.0,8,2
13460,2731500,Charlie,Gina,KELP,SEASHELLS,2048.0,8,2
13461,2731500,Charlie,Gina,SQUID_INK,SEASHELLS,1820.0,8,2
13492,2734000,Pablo,Gina,KELP,SEASHELLS,2050.0,5,2
13493,2734000,Charlie,Gina,KELP,SEASHELLS,2048.0,4,2
13494,2734000,Pablo,Gina,SQUID_INK,SEASHELLS,1812.0,5,2
13495,2734000,Charlie,Gina,SQUID_INK,SEASHELLS,1810.0,4,2
13603,2739100,Gina,Charlie,RAINFOREST_RESIN,SEASHELLS,10003.0,10,2
13610,2739600,Camilla,Gina,KELP,SEASHELLS,2049.0,1,2
13612,2739600,Camilla,Gina,SQUID_INK,SEASHELLS,1820.0,1,2
13613,2739600,Charlie,Gina,SQUID_INK,SEASHELLS,1820.0,6,2
13644,2742100,Gina,Charlie,KELP,SEASHELLS,2050.0,10,2
13726,2746900,Charlie,Gina,RAINFOREST_RESIN,SEASHELLS,9997.0,6,2
13746,2747700,Gina,Camilla,KELP,SEASHELLS,2050.0,7,2
13747,2747700,Gina,Camilla,SQUID_INK,SEASHELLS,1832.0,7,2
13855,2754200,Gina,Caesar,KELP,SEASHELLS,2050.0,6,2
13856,2754200,Gina,Camilla,KELP,SEASHELLS,2050.0,1,2
13857,2754200,Gina,Caesar,SQUID_INK,SEASHELLS,1815.0,6,2
13858,2754200,Gina,Camilla,SQUID_INK,SEASHELLS,1815.0,1,2
13901,2756500,Charlie,Gina,KELP,SEASHELLS,2048.0,8,2
13903,2756500,Charlie,Gina,SQUID_INK,SEASHELLS,1795.0,8,2
13931,2759300,Charlie,Gina,RAINFOREST_RESIN,SEASHELLS,9997.0,10,2
13957,2761200,Charlie,Gina,KELP,SEASHELLS,2049.0,9,2
13959,2761200,Charlie,Gina,SQUID_INK,SEASHELLS,1800.0,9,2
14050,2767600,Camilla,Gina,KELP,SEASHELLS,2049.0,4,2
14051,2767600,Charlie,Gina,KELP,SEASHELLS,2049.0,4,2
14053,2767600,Camilla,Gina,SQUID_INK,SEASHELLS,1817.0,4,2
14054,2767600,Charlie,Gina,SQUID_INK,SEASHELLS,1817.0,4,2
14242,2777100,Charlie,Gina,KELP,SEASHELLS,2050.0,10,2
14243,2777100,Charlie,Gina,SQUID_INK,SEASHELLS,1834.0,10,2
14338,2782600,Charlie,Gina,KELP,SEASHELLS,2048.0,10,2
14340,2782600,Charlie,Gina,SQUID_INK,SEASHELLS,1835.0,10,2
14638,2798500,Gina,Charlie,KELP,SEASHELLS,2050.0,9,2
14774,2806900,Charlie,Gina,KELP,SEASHELLS,2048.0,8,2
14776,2806900,Charlie,Gina,SQUID_INK,SEASHELLS,1830.0,8,2
15017,2820800,Pablo,Gina,RAINFOREST_RESIN,SEASHELLS,10002.0,2,2
15193,2830500,Gina,Paris,RAINFOREST_RESIN,SEASHELLS,10003.0,1,2
15206,2831200,Charlie,Gina,RAINFOREST_RESIN,SEASHELLS,9997.0,7,2
15230,2832600,Charlie,Gina,KELP,SEASHELLS,2049.0,7,2
15232,2832600,Charlie,Gina,SQUID_INK,SEASHELLS,1822.0,7,2
15323,2836400,Gina,Charlie,KELP,SEASHELLS,2051.0,8,2
15324,2836400,Gina,Charlie,SQUID_INK,SEASHELLS,1837.0,8,2
15617,2854200,Gina,Camilla,KELP,SEASHELLS,2051.0,8,2
15618,2854200,Gina,Camilla,SQUID_INK,SEASHELLS,1854.0,8,2
15632,2855200,Charlie,Gina,KELP,SEASHELLS,2050.0,8,2
15633,2855200,Charlie,Gina,SQUID_INK,SEASHELLS,1845.0,8,2
15765,2861300,Caesar,Gina,RAINFOREST_RESIN,SEASHELLS,9997.0,12,2
15770,2862100,Charlie,Gina,RAINFOREST_RESIN,SEASHELLS,9997.0,10,2
15791,2864000,Charlie,Gina,KELP,SEASHELLS,2049.0,7,2
15792,2864000,Charlie,Gina,SQUID_INK,SEASHELLS,1823.0,7,2
15797,2864600,Charlie,Gina,RAINFOREST_RESIN,SEASHELLS,9997.0,6,2
15929,2871200,Gina,Paris,KELP,SEASHELLS,2049.0,1,2
15930,2871200,Gina,Charlie,KELP,SEASHELLS,2051.0,6,2
15931,2871200,Gina,Paris,SQUID_INK,SEASHELLS,1845.0,1,2
15933,2871300,Charlie,Gina,KELP,SEASHELLS,2049.0,9,2
15935,2871300,Charlie,Gina,SQUID_INK,SEASHELLS,1848.0,9,2
15970,2872900,Gina,Paris,KELP,SEASHELLS,2048.0,1,2
15971,2872900,Gina,Paris,SQUID_INK,SEASHELLS,1838.0,1,2
16036,2876800,Caesar,Gina,KELP,SEASHELLS,2049.0,2,2
16037,2876800,Charlie,Gina,KELP,SEASHELLS,2049.0,5,2
16038,2876800,Charlie,Gina,SQUID_INK,SEASHELLS,1850.0,7,2
16177,2885400,Gina,Charlie,KELP,SEASHELLS,2050.0,10,2
16199,2886700,Gina,Camilla,KELP,SEASHELLS,2049.0,2,2
16200,2886700,Gina,Camilla,SQUID_INK,SEASHELLS,1843.0,2,2
16303,2892000,Gina,Camilla,KELP,SEASHELLS,2048.0,2,2
16305,2892000,Gina,Charlie,KELP,SEASHELLS,2048.0,7,2
16307,2892000,Gina,Camilla,SQUID_INK,SEASHELLS,1828.0,2,2
16309,2892000,Gina,Charlie,SQUID_INK,SEASHELLS,1828.0,7,2
16338,2893900,Charlie,Gina,KELP,SEASHELLS,2047.0,9,2
16339,2893900,Charlie,Gina,SQUID_INK,SEASHELLS,1828.0,9,2
16349,2894900,Gina,Charlie,RAINFOREST_RESIN,SEASHELLS,10003.0,10,2
16439,2901600,Charlie,Gina,KELP,SEASHELLS,2047.0,8,2
16440,2901600,Charlie,Gina,SQUID_INK,SEASHELLS,1838.0,8,2
16454,2902000,Caesar,Gina,KELP,SEASHELLS,2047.0,2,2
16455,2902000,Charlie,Gina,KELP,SEASHELLS,2047.0,6,2
16456,2902000,Charlie,Gina,SQUID_INK,SEASHELLS,1838.0,8,2
16475,2903600,Charlie,Gina,KELP,SEASHELLS,2047.0,9,2
16477,2903600,Charlie,Gina,SQUID_INK,SEASHELLS,1839.0,9,2
16544,2907300,Caesar,Gina,KELP,SEASHELLS,2048.0,2,2
16574,2910100,Charlie,Gina,KELP,SEASHELLS,2048.0,10,2
16575,2910100,Charlie,Gina,SQUID_INK,SEASHELLS,1842.0,10,2
16877,2926700,Gina,Charlie,KELP,SEASHELLS,2050.0,9,2
16899,2928100,Charlie,Gina,KELP,SEASHELLS,2048.0,8,2
16902,2928100,Charlie,Gina,SQUID_INK,SEASHELLS,1845.0,8,2
17079,2936100,Charlie,Gina,KELP,SEASHELLS,2046.0,7,2
17081,2936100,Charlie,Gina,SQUID_INK,SEASHELLS,1847.0,7,2
17087,2936200,Charlie,Gina,SQUID_INK,SEASHELLS,1846.0,10,2
17149,2939100,Gina,Caesar,RAINFOREST_RESIN,SEASHELLS,10003.0,3,2
17223,2943400,Charlie,Gina,KELP,SEASHELLS,2046.0,7,2
17288,2947400,Charlie,Gina,KELP,SEASHELLS,2046.0,8,2
17289,2947400,Caesar,Gina,SQUID_INK,SEASHELLS,1852.0,1,2
17290,2947400,Charlie,Gina,SQUID_INK,SEASHELLS,1852.0,7,2
17299,2948200,Charlie,Gina,KELP,SEASHELLS,2046.0,10,2
17301,2948200,Charlie,Gina,SQUID_INK,SEASHELLS,1850.0,10,2
17308,2948800,Paris,Gina,KELP,SEASHELLS,2048.0,1,2
17309,2948800,Charlie,Gina,KELP,SEASHELLS,2046.0,6,2
17310,2948800,Paris,Gina,SQUID_INK,SEASHELLS,1854.0,1,2
17311,2948800,Caesar,Gina,SQUID_INK,SEASHELLS,1853.0,2,2
17312,2948800,Charlie,Gina,SQUID_INK,SEASHELLS,1853.0,4,2
17433,2956200,Gina,Paris,KELP,SEASHELLS,2046.0,1,2
17434,2956200,Gina,Camilla,KELP,SEASHELLS,2048.0,4,2
17435,2956200,Gina,Charlie,KELP,SEASHELLS,2048.0,3,2
17436,2956200,Gina,Paris,SQUID_INK,SEASHELLS,1852.0,1,2
17437,2956200,Gina,Camilla,SQUID_INK,SEASHELLS,1853.0,4,2
17657,2971200,Gina,Camilla,KELP,SEASHELLS,2045.0,4,2
17658,2971200,Gina,Camilla,SQUID_INK,SEASHELLS,1847.0,4,2
17942,2982900,Gina,Charlie,KELP,SEASHELLS,2043.0,7,2
17944,2982900,Gina,Charlie,SQUID_INK,SEASHELLS,1843.0,7,2
18044,2989500,Charlie,Gina,RAINFOREST_RESIN,SEASHELLS,9997.0,10,2
18048,2990200,Gina,Caesar,RAINFOREST_RESIN,SEASHELLS,10003.0,8,2
2,3000100,Gina,Charlie,SQUID_INK,SEASHELLS,1818.0,7,3
90,3005100,Charlie,Gina,KELP,SEASHELLS,2039.0,8,3
92,3005100,Charlie,Gina,SQUID_INK,SEASHELLS,1835.0,8,3
94,3005300,Charlie,Gina,KELP,SEASHELLS,2039.0,7,3
96,3005300,Charlie,Gina,SQUID_INK,SEASHELLS,1836.0,7,3
135,3008800,Camilla,Gina,RAINFOREST_RESIN,SEASHELLS,9997.0,4,3
267,3015500,Charlie,Gina,KELP,SEASHELLS,2039.0,10,3
268,3015500,Charlie,Gina,SQUID_INK,SEASHELLS,1849.0,10,3
280,3016000,Charlie,Gina,KELP,SEASHELLS,2039.0,9,3
281,3016000,Charlie,Gina,SQUID_INK,SEASHELLS,1854.0,9,3
355,3022100,Caesar,Gina,RAINFOREST_RESIN,SEASHELLS,9997.0,7,3
407,3024300,Charlie,Gina,RAINFOREST_RESIN,SEASHELLS,9997.0,7,3
486,3028000,Charlie,Gina,KELP,SEASHELLS,2039.0,8,3
488,3028000,Charlie,Gina,SQUID_INK,SEASHELLS,1840.0,8,3
721,3039500,Gina,Charlie,KELP,SEASHELLS,2040.0,7,3
807,3043700,Gina,Camilla,KELP,SEASHELLS,2039.0,3,3
809,3043700,Gina,Camilla,SQUID_INK,SEASHELLS,1844.0,3,3
980,3052000,Gina,Charlie,RAINFOREST_RESIN,SEASHELLS,10003.0,6,3
1034,3054500,Gina,Camilla,KELP,SEASHELLS,2038.0,8,3
1036,3054500,Gina,Camilla,SQUID_INK,SEASHELLS,1849.0,8,3
1166,3061700,Gina,Charlie,RAINFOREST_RESIN,SEASHELLS,10003.0,7,3
1272,3067100,Paris,Gina,KELP,SEASHELLS,2043.0,1,3
1273,3067100,Charlie,Gina,KELP,SEASHELLS,2041.0,9,3
1274,3067100,Paris,Gina,SQUID_INK,SEASHELLS,1851.0,1,3
1275,3067100,Charlie,Gina,SQUID_INK,SEASHELLS,1849.0,9,3
1308,3070000,Charlie,Gina,KELP,SEASHELLS,2040.0,8,3
1365,3073200,Gina,Camilla,RAINFOREST_RESIN,SEASHELLS,10003.0,4,3
1553,3084300,Gina,Paris,KELP,SEASHELLS,2042.0,1,3
1554,3084300,Gina,Charlie,KELP,SEASHELLS,2042.0,8,3
1555,3084300,Gina,Paris,SQUID_INK,SEASHELLS,1850.0,1,3
1643,3090100,Gina,Charlie,RAINFOREST_RESIN,SEASHELLS,10003.0,6,3
1732,3094600,Charlie,Gina,RAINFOREST_RESIN,SEASHELLS,9997.0,6,3
1735,3094800,Charlie,Gina,RAINFOREST_RESIN,SEASHELLS,9997.0,9,3
1835,3100500,Charlie,Gina,RAINFOREST_RESIN,SEASHELLS,9997.0,8,3
1917,3104100,Charlie,Gina,KELP,SEASHELLS,2043.0,8,3
1918,3104100,Charlie,Gina,SQUID_INK,SEASHELLS,1853.0,8,3
2256,3124200,Camilla,Gina,RAINFOREST_RESIN,SEASHELLS,9997.0,3,3
2339,3128200,Charlie,Gina,KELP,SEASHELLS,2041.0,9,3
2340,3128200,Charlie,Gina,SQUID_INK,SEASHELLS,1845.0,9,3
2413,3131400,Caesar,Gina,RAINFOREST_RESIN,SEASHELLS,9997.0,11,3
2448,3132700,Gina,Charlie,RAINFOREST_RESIN,SEASHELLS,10003.0,7,3
2454,3133000,Charlie,Gina,KELP,SEASHELLS,2043.0,10,3
2455,3133000,Charlie,Gina,SQUID_INK,SEASHELLS,1841.0,10,3
2618,3141900,Gina,Caesar,KELP,SEASHELLS,2044.0,6,3
2619,3141900,Gina,Camilla,KELP,SEASHELLS,2044.0,2,3
2621,3141900,Gina,Caesar,SQUID_INK,SEASHELLS,1844.0,6,3
2622,3141900,Gina,Camilla,SQUID_INK,SEASHELLS,1844.0,2,3
2638,3142600,Charlie,Gina,KELP,SEASHELLS,2043.0,8,3
2639,3142600,Charlie,Gina,SQUID_INK,SEASHELLS,1842.0,8,3
2713,3144200,Paris,Gina,RAINFOREST_RESIN,SEASHELLS,10001.0,1,3
2930,3155200,Charlie,Gina,KELP,SEASHELLS,2044.0,10,3
2932,3155200,Charlie,Gina,SQUID_INK,SEASHELLS,1814.0,10,3
3215,3169900,Charlie,Gina,RAINFOREST_RESIN,SEASHELLS,9997.0,10,3
3266,3171600,Camilla,Gina,RAINFOREST_RESIN,SEASHELLS,9997.0,3,3
3267,3171600,Charlie,Gina,RAINFOREST_RESIN,SEASHELLS,9997.0,3,3
3340,3174700,Caesar,Gina,RAINFOREST_RESIN,SEASHELLS,9997.0,12,3
3376,3176300,Gina,Charlie,RAINFOREST_RESIN,SEASHELLS,10003.0,10,3
3449,3179900,Gina,Paris,RAINFOREST_RESIN,SEASHELLS,10003.0,1,3
3573,3186300,Camilla,Gina,RAINFOREST_RESIN,SEASHELLS,9997.0,4,3
3640,3189900,Gina,Paris,RAINFOREST_RESIN,SEASHELLS,10003.0,1,3
3641,3189900,Gina,Charlie,RAINFOREST_RESIN,SEASHELLS,10003.0,7,3
3666,3191200,Caesar,Gina,RAINFOREST_RESIN,SEASHELLS,9997.0,11,3
3850,3201300,Gina,Charlie,SQUID_INK,SEASHELLS,1794.0,9,3
4083,3215500,Paris,Gina,RAINFOREST_RESIN,SEASHELLS,9997.0,2,3
4084,3215500,Charlie,Gina,RAINFOREST_RESIN,SEASHELLS,9997.0,9,3
4120,3217500,Caesar,Gina,RAINFOREST_RESIN,SEASHELLS,9997.0,4,3
4218,3223800,Camilla,Gina,RAINFOREST_RESIN,SEASHELLS,9997.0,6,3
4373,3232600,Charlie,Gina,RAINFOREST_RESIN,SEASHELLS,9997.0,6,3
4408,3233800,Gina,Camilla,KELP,SEASHELLS,2038.0,5,3
4409,3233800,Gina,Camilla,SQUID_INK,SEASHELLS,1802.0,5,3
4578,3244000,Penelope,Gina,RAINFOREST_RESIN,SEASHELLS,9997.0,6,3
4599,3244700,Charlie,Gina,RAINFOREST_RESIN,SEASHELLS,9997.0,8,3
4603,3244800,Pablo,Gina,RAINFOREST_RESIN,SEASHELLS,10002.0,4,3
4604,3244800,Pablo,Gina,RAINFOREST_RESIN,SEASHELLS,9997.0,2,3
4653,3246800,Gina,Caesar,KELP,SEASHELLS,2035.0,4,3
4654,3246800,Gina,Caesar,SQUID_INK,SEASHELLS,1815.0,4,3
4670,3248000,Gina,Camilla,KELP,SEASHELLS,2035.0,4,3
4672,3248000,Gina,Camilla,SQUID_INK,SEASHELLS,1815.0,4,3
4758,3251000,Charlie,Gina,KELP,SEASHELLS,2033.0,10,3
4759,3251000,Charlie,Gina,SQUID_INK,SEASHELLS,1814.0,10,3
4762,3251200,Paris,Gina,RAINFOREST_RESIN,SEASHELLS,10001.0,1,3
4763,3251200,Penelope,Gina,RAINFOREST_RESIN,SEASHELLS,9997.0,8,3
4815,3254000,Penelope,Gina,RAINFOREST_RESIN,SEASHELLS,9997.0,7,3
4816,3254000,Charlie,Gina,RAINFOREST_RESIN,SEASHELLS,9997.0,4,3
4820,3254400,Charlie,Gina,KELP,SEASHELLS,2034.0,9,3
4821,3254400,Caesar,Gina,SQUID_INK,SEASHELLS,1809.0,2,3
4822,3254400,Charlie,Gina,SQUID_INK,SEASHELLS,1809.0,7,3
4880,3259400,Charlie,Gina,KELP,SEASHELLS,2034.0,7,3
4974,3264300,Charlie,Gina,KELP,SEASHELLS,2035.0,8,3
4976,3264300,Charlie,Gina,SQUID_INK,SEASHELLS,1803.0,8,3
4997,3266100,Charlie,Gina,KELP,SEASHELLS,2034.0,9,3
4998,3266100,Charlie,Gina,SQUID_INK,SEASHELLS,1803.0,9,3
5020,3268200,Charlie,Gina,KELP,SEASHELLS,2035.0,8,3
5021,3268200,Charlie,Gina,SQUID_INK,SEASHELLS,1804.0,8,3
5070,3269500,Camilla,Gina,KELP,SEASHELLS,2035.0,6,3
5071,3269500,Caesar,Gina,KELP,SEASHELLS,2035.0,1,3
5073,3269500,Camilla,Gina,SQUID_INK,SEASHELLS,1804.0,6,3
5074,3269500,Charlie,Gina,SQUID_INK,SEASHELLS,1804.0,3,3
5116,3272100,Gina,Charlie,RAINFOREST_RESIN,SEASHELLS,10003.0,10,3
5126,3272600,Charlie,Gina,RAINFOREST_RESIN,SEASHELLS,9997.0,10,3
5273,3280300,Gina,Gary,KELP,SEASHELLS,2034.0,8,3
5275,3280300,Gina,Gary,SQUID_INK,SEASHELLS,1805.0,8,3
5277,3280500,Gina,Camilla,RAINFOREST_RESIN,SEASHELLS,10003.0,7,3
5461,3290200,Charlie,Gina,KELP,SEASHELLS,2034.0,8,3
5463,3290200,Charlie,Gina,SQUID_INK,SEASHELLS,1806.0,8,3
5869,3314600,Pablo,Gina,RAINFOREST_RESIN,SEASHELLS,9997.0,4,3
5870,3314600,Charlie,Gina,RAINFOREST_RESIN,SEASHELLS,9997.0,2,3
5975,3320900,Gary,Gina,KELP,SEASHELLS,2032.0,9,3
5976,3320900,Caesar,Gina,SQUID_INK,SEASHELLS,1818.0,2,3
5977,3320900,Gary,Gina,SQUID_INK,SEASHELLS,1818.0,7,3
6079,3326700,Gina,Charlie,RAINFOREST_RESIN,SEASHELLS,10003.0,7,3
6080,3326900,Gina,Pablo,KELP,SEASHELLS,2031.0,4,3
6081,3326900,Gina,Charlie,KELP,SEASHELLS,2033.0,4,3
6082,3326900,Gina,Pablo,SQUID_INK,SEASHELLS,1819.0,4,3
6087,3327200,Paris,Gina,RAINFOREST_RESIN,SEASHELLS,10001.0,1,3
6089,3327600,Caesar,Gina,KELP,SEASHELLS,2031.0,2,3
6091,3328000,Charlie,Gina,KELP,SEASHELLS,2031.0,10,3
6092,3328000,Charlie,Gina,SQUID_INK,SEASHELLS,1816.0,10,3
6246,3337500,Charlie,Gina,KELP,SEASHELLS,2030.0,7,3
6247,3337500,Charlie,Gina,SQUID_INK,SEASHELLS,1809.0,7,3
6278,3339700,Charlie,Gina,KELP,SEASHELLS,2030.0,7,3
6280,3339700,Charlie,Gina,SQUID_INK,SEASHELLS,1809.0,7,3
6441,3349300,Charlie,Gina,RAINFOREST_RESIN,SEASHELLS,9997.0,9,3
6450,3349700,Charlie,Gina,KELP,SEASHELLS,2030.0,7,3
6452,3349700,Charlie,Gina,SQUID_INK,SEASHELLS,1805.0,7,3
6482,3351200,Gina,Pablo,RAINFOREST_RESIN,SEASHELLS,9998.0,4,3
6483,3351200,Gina,Paris,RAINFOREST_RESIN,SEASHELLS,9999.0,1,3
6536,3354100,Gina,Paris,KELP,SEASHELLS,2032.0,1,3
6537,3354100,Gina,Paris,SQUID_INK,SEASHELLS,1806.0,1,3
6581,3355900,Gina,Penelope,RAINFOREST_RESIN,SEASHELLS,10003.0,4,3
6653,3359700,Charlie,Gina,RAINFOREST_RESIN,SEASHELLS,9997.0,10,3
6657,3360200,Charlie,Gina,KELP,SEASHELLS,2031.0,9,3
6658,3360200,Charlie,Gina,SQUID_INK,SEASHELLS,1805.0,9,3
6724,3362600,Gina,Paris,KELP,SEASHELLS,2032.0,1,3
6726,3362600,Gina,Paris,SQUID_INK,SEASHELLS,1803.0,1,3
6812,3367300,Caesar,Gina,SQUID_INK,SEASHELLS,1812.0,1,3
6865,3371100,Gina,Camilla,KELP,SEASHELLS,2033.0,2,3
6866,3371100,Gina,Camilla,SQUID_INK,SEASHELLS,1820.0,2,3
6867,3371100,Gina,Charlie,SQUID_INK,SEASHELLS,1820.0,6,3
7162,3387100,Paris,Gina,RAINFOREST_RESIN,SEASHELLS,9997.0,2,3
7189,3388100,Gina,Penelope,RAINFOREST_RESIN,SEASHELLS,10003.0,7,3
7190,3388100,Gina,Charlie,RAINFOREST_RESIN,SEASHELLS,10003.0,2,3
7603,3408000,Gina,Charlie,SQUID_INK,SEASHELLS,1804.0,7,3
7793,3418300,Camilla,Gina,KELP,SEASHELLS,2031.0,4,3
7794,3418300,Charlie,Gina,KELP,SEASHELLS,2031.0,3,3
7795,3418300,Camilla,Gina,SQUID_INK,SEASHELLS,1807.0,4,3
7798,3418700,Paris,Gina,KELP,SEASHELLS,2034.0,1,3
7799,3418700,Charlie,Gina,KELP,SEASHELLS,2032.0,9,3
7800,3418700,Paris,Gina,SQUID_INK,SEASHELLS,1808.0,1,3
7801,3418700,Charlie,Gina,SQUID_INK,SEASHELLS,1807.0,9,3
7934,3426500,Penelope,Gina,KELP,SEASHELLS,2031.0,8,3
7937,3426500,Charlie,Gina,SQUID_INK,SEASHELLS,1812.0,8,3
7985,3429900,Charlie,Gina,RAINFOREST_RESIN,SEASHELLS,9997.0,7,3
8063,3433200,Caesar,Gina,KELP,SEASHELLS,2032.0,2,3
8065,3433200,Charlie,Gina,SQUID_INK,SEASHELLS,1807.0,8,3
8191,3439600,Paris,Gina,KELP,SEASHELLS,2035.0,1,3
8192,3439600,Camilla,Gina,KELP,SEASHELLS,2033.0,2,3
8195,3439600,Paris,Gina,SQUID_INK,SEASHELLS,1801.0,1,3
8196,3439600,Camilla,Gina,SQUID_INK,SEASHELLS,1800.0,2,3
8277,3443500,Camilla,Gina,KELP,SEASHELLS,2033.0,6,3
8278,3443500,Camilla,Gina,SQUID_INK,SEASHELLS,1790.0,6,3
8360,3446900,Charlie,Gina,KELP,SEASHELLS,2033.0,10,3
8361,3446900,Charlie,Gina,SQUID_INK,SEASHELLS,1788.0,10,3
8458,3451600,Camilla,Gina,KELP,SEASHELLS,2033.0,7,3
8459,3451600,Camilla,Gina,SQUID_INK,SEASHELLS,1778.0,7,3
8465,3452100,Charlie,Gina,KELP,SEASHELLS,2033.0,9,3
8468,3452100,Charlie,Gina,SQUID_INK,SEASHELLS,1778.0,9,3
8574,3458700,Gina,Caesar,RAINFOREST_RESIN,SEASHELLS,10003.0,6,3
8704,3466800,Charlie,Gina,KELP,SEASHELLS,2032.0,8,3
8705,3466800,Charlie,Gina,SQUID_INK,SEASHELLS,1770.0,8,3
8759,3469200,Charlie,Gina,SQUID_INK,SEASHELLS,1771.0,9,3
9123,3485800,Gina,Penelope,RAINFOREST_RESIN,SEASHELLS,10003.0,7,3
9151,3487400,Pablo,Gina,RAINFOREST_RESIN,SEASHELLS,10002.0,4,3
9152,3487400,Camilla,Gina,RAINFOREST_RESIN,SEASHELLS,9997.0,2,3
9214,3490400,Charlie,Gina,KELP,SEASHELLS,2032.0,10,3
9215,3490400,Charlie,Gina,SQUID_INK,SEASHELLS,1767.0,10,3
9240,3492300,Charlie,Gina,KELP,SEASHELLS,2032.0,8,3
9241,3492300,Charlie,Gina,SQUID_INK,SEASHELLS,1769.0,8,3
9354,3498200,Gina,Charlie,KELP,SEASHELLS,2033.0,10,3
9414,3501600,Charlie,Gina,KELP,SEASHELLS,2031.0,7,3
9415,3501600,Charlie,Gina,SQUID_INK,SEASHELLS,1764.0,7,3
9463,3503800,Paris,Gina,KELP,SEASHELLS,2033.0,1,3
9465,3503800,Charlie,Gina,KELP,SEASHELLS,2032.0,6,3
9466,3503800,Paris,Gina,SQUID_INK,SEASHELLS,1763.0,1,3
9468,3503800,Charlie,Gina,SQUID_INK,SEASHELLS,1762.0,6,3
9485,3505200,Caesar,Gina,RAINFOREST_RESIN,SEASHELLS,9997.0,9,3
9530,3508000,Gina,Paris,RAINFOREST_RESIN,SEASHELLS,9999.0,1,3
9531,3508000,Gina,Charlie,RAINFOREST_RESIN,SEASHELLS,10003.0,6,3
9684,3515500,Gina,Camilla,KELP,SEASHELLS,2033.0,1,3
9685,3515500,Gina,Camilla,SQUID_INK,SEASHELLS,1762.0,1,3
9792,3521500,Paris,Gina,KELP,SEASHELLS,2034.0,1,3
9793,3521500,Charlie,Gina,KELP,SEASHELLS,2032.0,7,3
9794,3521500,Paris,Gina,SQUID_INK,SEASHELLS,1769.0,1,3
9795,3521500,Charlie,Gina,SQUID_INK,SEASHELLS,1767.0,7,3
9873,3525300,Charlie,Gina,RAINFOREST_RESIN,SEASHELLS,9997.0,9,3
9924,3528700,Gina,Caesar,RAINFOREST_RESIN,SEASHELLS,10003.0,12,3
9963,3531500,Gina,Charlie,KELP,SEASHELLS,2034.0,9,3
10007,3533600,Gina,Pablo,RAINFOREST_RESIN,SEASHELLS,10003.0,5,3
10062,3536600,Gina,Penelope,KELP,SEASHELLS,2035.0,10,3
10063,3536600,Gina,Penelope,SQUID_INK,SEASHELLS,1774.0,10,3
10184,3544100,Charlie,Gina,KELP,SEASHELLS,2034.0,7,3
10185,3544100,Charlie,Gina,SQUID_INK,SEASHELLS,1770.0,7,3
10345,3552000,Gina,Camilla,KELP,SEASHELLS,2037.0,5,3
10346,3552000,Gina,Penelope,KELP,SEASHELLS,2037.0,4,3
10347,3552000,Gina,Camilla,SQUID_INK,SEASHELLS,1773.0,5,3
10348,3552000,Gina,Penelope,SQUID_INK,SEASHELLS,1773.0,4,3
10407,3557500,Gina,Caesar,KELP,SEASHELLS,2037.0,6,3
10409,3557500,Gina,Caesar,SQUID_INK,SEASHELLS,1778.0,6,3
10537,3563700,Paris,Gina,KELP,SEASHELLS,2037.0,1,3
10538,3563700,Charlie,Gina,KELP,SEASHELLS,2035.0,9,3
10539,3563700,Paris,Gina,SQUID_INK,SEASHELLS,1774.0,1,3
10540,3563700,Charlie,Gina,SQUID_INK,SEASHELLS,1772.0,9,3
10656,3570100,Gina,Penelope,RAINFOREST_RESIN,SEASHELLS,10003.0,7,3
10692,3571400,Charlie,Gina,KELP,SEASHELLS,2036.0,10,3
10693,3571400,Charlie,Gina,SQUID_INK,SEASHELLS,1762.0,10,3
10716,3573100,Gina,Charlie,SQUID_INK,SEASHELLS,1768.0,7,3
10724,3574400,Caesar,Gina,KELP,SEASHELLS,2037.0,2,3
10725,3574400,Charlie,Gina,SQUID_INK,SEASHELLS,1768.0,8,3
10907,3583800,Camilla,Gina,RAINFOREST_RESIN,SEASHELLS,9997.0,6,3
10908,3583800,Charlie,Gina,RAINFOREST_RESIN,SEASHELLS,9997.0,5,3
11038,3590900,Gina,Charlie,SQUID_INK,SEASHELLS,1784.0,8,3
11048,3591700,Charlie,Gina,SQUID_INK,SEASHELLS,1783.0,9,3
11057,3592300,Camilla,Gina,KELP,SEASHELLS,2036.0,4,3
11058,3592300,Charlie,Gina,KELP,SEASHELLS,2036.0,6,3
11059,3592300,Camilla,Gina,SQUID_INK,SEASHELLS,1783.0,4,3
11060,3592300,Charlie,Gina,SQUID_INK,SEASHELLS,1783.0,6,3
11666,3624100,Charlie,Gina,KELP,SEASHELLS,2035.0,7,3
11740,3626800,Camilla,Gina,KELP,SEASHELLS,2035.0,1,3
11741,3626800,Charlie,Gina,KELP,SEASHELLS,2035.0,8,3
11742,3626800,Camilla,Gina,SQUID_INK,SEASHELLS,1808.0,1,3
11743,3626800,Charlie,Gina,SQUID_INK,SEASHELLS,1808.0,8,3
11745,3626900,Charlie,Gina,RAINFOREST_RESIN,SEASHELLS,9997.0,9,3
11796,3630100,Charlie,Gina,RAINFOREST_RESIN,SEASHELLS,9997.0,6,3
11831,3631700,Caesar,Gina,KELP,SEASHELLS,2035.0,2,3
11832,3631700,Caesar,Gina,KELP,SEASHELLS,2035.0,1,3
11833,3631700,Caesar,Gina,SQUID_INK,SEASHELLS,1815.0,2,3
11834,3631700,Charlie,Gina,SQUID_INK,SEASHELLS,1815.0,8,3
11835,3631800,Gina,Camilla,KELP,SEASHELLS,2036.0,1,3
11836,3631800,Gina,Camilla,SQUID_INK,SEASHELLS,1817.0,1,3
11891,3635800,Camilla,Gina,RAINFOREST_RESIN,SEASHELLS,9997.0,5,3
12112,3649400,Gina,Paris,RAINFOREST_RESIN,SEASHELLS,10003.0,2,3
12115,3649700,Paris,Gina,RAINFOREST_RESIN,SEASHELLS,10001.0,1,3
12371,3666200,Gina,Pablo,KELP,SEASHELLS,2034.0,2,3
12372,3666200,Gina,Pablo,SQUID_INK,SEASHELLS,1852.0,2,3
12442,3669500,Charlie,Gina,KELP,SEASHELLS,2034.0,9,3
12447,3669500,Charlie,Gina,SQUID_INK,SEASHELLS,1844.0,9,3
12484,3672000,Charlie,Gina,RAINFOREST_RESIN,SEASHELLS,9997.0,6,3
12485,3672100,Charlie,Gina,KELP,SEASHELLS,2033.0,10,3
12486,3672100,Charlie,Gina,SQUID_INK,SEASHELLS,1837.0,10,3
12559,3677500,Gina,Caesar,RAINFOREST_RESIN,SEASHELLS,10003.0,11,3
12615,3679900,Pablo,Gina,RAINFOREST_RESIN,SEASHELLS,10002.0,3,3
12659,3682400,Caesar,Gina,KELP,SEASHELLS,2034.0,1,3
12660,3682400,Charlie,Gina,KELP,SEASHELLS,2034.0,8,3
12661,3682400,Charlie,Gina,SQUID_INK,SEASHELLS,1851.0,9,3
12662,3682600,Charlie,Gina,RAINFOREST_RESIN,SEASHELLS,9997.0,10,3
12670,3682900,Gina,Charlie,KELP,SEASHELLS,2036.0,7,3
12672,3682900,Gina,Charlie,SQUID_INK,SEASHELLS,1853.0,7,3
12746,3687700,Charlie,Gina,KELP,SEASHELLS,2035.0,9,3
12747,3687700,Charlie,Gina,SQUID_INK,SEASHELLS,1857.0,9,3
12806,3690500,Caesar,Gina,RAINFOREST_RESIN,SEASHELLS,9997.0,4,3
13021,3705800,Charlie,Gina,KELP,SEASHELLS,2035.0,9,3
13022,3705800,Charlie,Gina,SQUID_INK,SEASHELLS,1881.0,9,3
13216,3718700,Camilla,Gina,KELP,SEASHELLS,2036.0,8,3
13217,3718700,Camilla,Gina,SQUID_INK,SEASHELLS,1878.0,8,3
13382,3726200,Gina,Charlie,SQUID_INK,SEASHELLS,1878.0,9,3
13412,3728200,Charlie,Gina,KELP,SEASHELLS,2036.0,10,3
13413,3728200,Charlie,Gina,SQUID_INK,SEASHELLS,1876.0,10,3
13553,3736900,Gina,Camilla,KELP,SEASHELLS,2038.0,6,3
13554,3736900,Gina,Camilla,SQUID_INK,SEASHELLS,1881.0,6,3
13594,3740300,Charlie,Gina,RAINFOREST_RESIN,SEASHELLS,9997.0,7,3
13638,3742700,Paris,Gina,KELP,SEASHELLS,2038.0,1,3
13639,3742700,Charlie,Gina,KELP,SEASHELLS,2036.0,7,3
13641,3742700,Paris,Gina,SQUID_INK,SEASHELLS,1884.0,1,3
13745,3749400,Gina,Paris,RAINFOREST_RESIN,SEASHELLS,9999.0,1,3
13746,3749400,Gina,Charlie,RAINFOREST_RESIN,SEASHELLS,10003.0,5,3
13762,3750000,Pablo,Gina,KELP,SEASHELLS,2037.0,5,3
13763,3750000,Camilla,Gina,KELP,SEASHELLS,2035.0,3,3
13764,3750000,Pablo,Gina,SQUID_INK,SEASHELLS,1880.0,5,3
13765,3750000,Camilla,Gina,SQUID_INK,SEASHELLS,1878.0,3,3
13798,3752000,Gina,Paris,RAINFOREST_RESIN,SEASHELLS,9999.0,1,3
13918,3760300,Charlie,Gina,RAINFOREST_RESIN,SEASHELLS,9997.0,10,3
13974,3764700,Gina,Charlie,KELP,SEASHELLS,2038.0,10,3
13977,3764700,Gina,Charlie,SQUID_INK,SEASHELLS,1879.0,10,3
14016,3766500,Camilla,Gina,RAINFOREST_RESIN,SEASHELLS,9997.0,6,3
14056,3768900,Gina,Charlie,KELP,SEASHELLS,2038.0,9,3
14059,3769100,Camilla,Gina,KELP,SEASHELLS,2036.0,3,3
14060,3769100,Charlie,Gina,KELP,SEASHELLS,2036.0,5,3
14061,3769100,Camilla,Gina,SQUID_INK,SEASHELLS,1877.0,3,3
14062,3769100,Charlie,Gina,SQUID_INK,SEASHELLS,1877.0,5,3
14195,3777900,Caesar,Gina,RAINFOREST_RESIN,SEASHELLS,9997.0,10,3
14264,3781900,Gina,Paris,RAINFOREST_RESIN,SEASHELLS,9999.0,1,3
14265,3781900,Gina,Charlie,RAINFOREST_RESIN,SEASHELLS,10003.0,8,3
14272,3782300,Charlie,Gina,KELP,SEASHELLS,2038.0,9,3
14273,3782300,Charlie,Gina,SQUID_INK,SEASHELLS,1874.0,9,3
14294,3783100,Charlie,Gina,KELP,SEASHELLS,2038.0,9,3
14297,3783100,Caesar,Gina,SQUID_INK,SEASHELLS,1879.0,2,3
14298,3783100,Charlie,Gina,SQUID_INK,SEASHELLS,1879.0,7,3
14311,3783600,Penelope,Gina,RAINFOREST_RESIN,SEASHELLS,9997.0,8,3
14312,3783600,Charlie,Gina,RAINFOREST_RESIN,SEASHELLS,9997.0,2,3
14418,3790700,Caesar,Gina,RAINFOREST_RESIN,SEASHELLS,9997.0,2,3
14546,3799400,Gina,Charlie,RAINFOREST_RESIN,SEASHELLS,10003.0,8,3
14630,3805000,Charlie,Gina,KELP,SEASHELLS,2038.0,9,3
14631,3805000,Charlie,Gina,SQUID_INK,SEASHELLS,1880.0,9,3
14641,3805200,Charlie,Gina,KELP,SEASHELLS,2038.0,9,3
14643,3805200,Charlie,Gina,SQUID_INK,SEASHELLS,1882.0,9,3
14657,3806400,Charlie,Gina,KELP,SEASHELLS,2037.0,7,3
14658,3806400,Caesar,Gina,SQUID_INK,SEASHELLS,1881.0,1,3
14721,3810000,Charlie,Gina,KELP,SEASHELLS,2037.0,10,3
14722,3810000,Charlie,Gina,SQUID_INK,SEASHELLS,1885.0,10,3
14753,3812600,Gina,Camilla,KELP,SEASHELLS,2039.0,4,3
14754,3812600,Gina,Camilla,SQUID_INK,SEASHELLS,1885.0,4,3
14829,3817600,Charlie,Gina,RAINFOREST_RESIN,SEASHELLS,9997.0,9,3
15067,3830800,Pablo,Gina,RAINFOREST_RESIN,SEASHELLS,10002.0,3,3
15068,3830800,Camilla,Gina,RAINFOREST_RESIN,SEASHELLS,9997.0,2,3
15069,3830800,Charlie,Gina,RAINFOREST_RESIN,SEASHELLS,9997.0,3,3
15089,3833200,Gina,Pablo,KELP,SEASHELLS,2039.0,3,3
15090,3833200,Gina,Charlie,KELP,SEASHELLS,2040.0,4,3
15093,3833200,Gina,Pablo,SQUID_INK,SEASHELLS,1883.0,3,3
15094,3833200,Gina,Charlie,SQUID_INK,SEASHELLS,1885.0,4,3
15139,3834800,Paris,Gina,RAINFOREST_RESIN,SEASHELLS,9997.0,1,3
15274,3840800,Pablo,Gina,RAINFOREST_RESIN,SEASHELLS,10002.0,5,3
15276,3840800,Charlie,Gina,RAINFOREST_RESIN,SEASHELLS,9997.0,5,3
15298,3842600,Charlie,Gina,KELP,SEASHELLS,2039.0,8,3
15299,3842600,Charlie,Gina,SQUID_INK,SEASHELLS,1957.0,8,3
15303,3843100,Camilla,Gina,KELP,SEASHELLS,2039.0,8,3
15304,3843100,Camilla,Gina,SQUID_INK,SEASHELLS,1960.0,8,3
15310,3843500,Charlie,Gina,KELP,SEASHELLS,2039.0,9,3
15313,3843500,Charlie,Gina,SQUID_INK,SEASHELLS,1942.0,9,3
15320,3843900,Charlie,Gina,KELP,SEASHELLS,2039.0,10,3
15321,3843900,Charlie,Gina,SQUID_INK,SEASHELLS,1953.0,10,3
15328,3844200,Caesar,Gina,RAINFOREST_RESIN,SEASHELLS,9997.0,3,3
15490,3854800,Charlie,Gina,KELP,SEASHELLS,2039.0,10,3
15491,3854800,Charlie,Gina,SQUID_INK,SEASHELLS,1955.0,10,3
15559,3859700,Gina,Camilla,RAINFOREST_RESIN,SEASHELLS,10003.0,5,3
15584,3861200,Gina,Charlie,RAINFOREST_RESIN,SEASHELLS,10003.0,10,3
15629,3864500,Charlie,Gina,RAINFOREST_RESIN,SEASHELLS,9997.0,7,3
15705,3869900,Charlie,Gina,RAINFOREST_RESIN,SEASHELLS,9997.0,8,3
15707,3870100,Gina,Charlie,RAINFOREST_RESIN,SEASHELLS,10003.0,9,3
15757,3873400,Gina,Pablo,RAINFOREST_RESIN,SEASHELLS,9998.0,4,3
15758,3873400,Gina,Paris,RAINFOREST_RESIN,SEASHELLS,9999.0,1,3
15759,3873400,Gina,Gary,RAINFOREST_RESIN,SEASHELLS,10003.0,3,3
15795,3875600,Gina,Caesar,KELP,SEASHELLS,2042.0,4,3
15797,3875600,Gina,Caesar,SQUID_INK,SEASHELLS,1932.0,4,3
15830,3878100,Gina,Charlie,KELP,SEASHELLS,2042.0,9,3
15964,3886500,Gina,Charlie,SQUID_INK,SEASHELLS,1932.0,8,3
15988,3888100,Gina,Charlie,SQUID_INK,SEASHELLS,1934.0,7,3
16239,3902600,Camilla,Gina,KELP,SEASHELLS,2039.0,1,3
16240,3902600,Gary,Gina,KELP,SEASHELLS,2039.0,7,3
16241,3902600,Camilla,Gina,SQUID_INK,SEASHELLS,1969.0,1,3
16242,3902600,Gary,Gina,SQUID_INK,SEASHELLS,1969.0,7,3
16258,3903600,Camilla,Gina,RAINFOREST_RESIN,SEASHELLS,9997.0,4,3
16260,3903600,Penelope,Gina,RAINFOREST_RESIN,SEASHELLS,9997.0,6,3
16339,3908500,Pablo,Gina,KELP,SEASHELLS,2041.0,3,3
16340,3908500,Charlie,Gina,KELP,SEASHELLS,2039.0,5,3
16341,3908500,Pablo,Gina,SQUID_INK,SEASHELLS,1972.0,3,3
16386,3911100,Gina,Charlie,KELP,SEASHELLS,2041.0,10,3
16569,3922000,Gina,Charlie,KELP,SEASHELLS,2041.0,8,3
16578,3923100,Caesar,Gina,RAINFOREST_RESIN,SEASHELLS,9997.0,12,3
16665,3928800,Gina,Charlie,RAINFOREST_RESIN,SEASHELLS,10003.0,9,3
16757,3934300,Pablo,Gina,KELP,SEASHELLS,2041.0,4,3
16758,3934300,Charlie,Gina,KELP,SEASHELLS,2039.0,5,3
16760,3934300,Pablo,Gina,SQUID_INK,SEASHELLS,1968.0,4,3
16761,3934300,Charlie,Gina,SQUID_INK,SEASHELLS,1966.0,5,3
16771,3934600,Gina,Paris,KELP,SEASHELLS,2039.0,1,3
16772,3934600,Gina,Paris,SQUID_INK,SEASHELLS,1969.0,1,3
16792,3935500,Charlie,Gina,KELP,SEASHELLS,2039.0,7,3
16794,3935500,Charlie,Gina,SQUID_INK,SEASHELLS,1972.0,7,3
16841,3937900,Gina,Charlie,SQUID_INK,SEASHELLS,1981.0,8,3
16882,3941000,Charlie,Gina,RAINFOREST_RESIN,SEASHELLS,9997.0,6,3
16929,3943800,Charlie,Gina,KELP,SEASHELLS,2039.0,10,3
17003,3949700,Gina,Camilla,KELP,SEASHELLS,2041.0,4,3
17005,3949700,Gina,Camilla,SQUID_INK,SEASHELLS,1942.0,4,3
17166,3958300,Camilla,Gina,RAINFOREST_RESIN,SEASHELLS,9997.0,6,3
17167,3958300,Charlie,Gina,RAINFOREST_RESIN,SEASHELLS,9997.0,3,3
17327,3968000,Charlie,Gina,RAINFOREST_RESIN,SEASHELLS,9997.0,9,3
17509,3978400,Charlie,Gina,KELP,SEASHELLS,2038.0,7,3
17511,3978400,Charlie,Gina,SQUID_INK,SEASHELLS,1939.0,7,3
17671,3987300,Paris,Gina,RAINFOREST_RESIN,SEASHELLS,10001.0,1,3
17692,3988200,Gina,Caesar,RAINFOREST_RESIN,SEASHELLS,10003.0,9,3
17843,3998900,Gina,Charlie,KELP,SEASHELLS,2039.0,7,3
7,4000500,Gina,Charlie,RAINFOREST_RESIN,SEASHELLS,10003.0,6,4
48,4001700,Charlie,Gina,RAINFOREST_RESIN,SEASHELLS,9997.0,6,4
141,4009000,Camilla,Gina,RAINFOREST_RESIN,SEASHELLS,9997.0,5,4
254,4016700,Caesar,Gina,KELP,SEASHELLS,2035.0,1,4
255,4016700,Charlie,Gina,KELP,SEASHELLS,2035.0,9,4
256,4016700,Charlie,Gina,SQUID_INK,SEASHELLS,1972.0,10,4
259,4016900,Gina,Paris,RAINFOREST_RESIN,SEASHELLS,9999.0,1,4
260,4016900,Gina,Caesar,RAINFOREST_RESIN,SEASHELLS,10003.0,11,4
444,4025600,Gina,Camilla,KELP,SEASHELLS,2038.0,5,4
446,4025600,Gina,Camilla,SQUID_INK,SEASHELLS,1997.0,5,4
700,4038700,Charlie,Gina,KELP,SEASHELLS,2034.0,10,4
701,4038700,Charlie,Gina,SQUID_INK,SEASHELLS,2001.0,10,4
756,4042400,Charlie,Gina,SQUID_INK,SEASHELLS,2014.0,9,4
828,4047800,Gina,Charlie,KELP,SEASHELLS,2037.0,10,4
920,4054300,Caesar,Gina,KELP,SEASHELLS,2035.0,1,4
921,4054300,Charlie,Gina,SQUID_INK,SEASHELLS,2024.0,7,4
1040,4061700,Gina,Camilla,RAINFOREST_RESIN,SEASHELLS,10003.0,6,4
1083,4063600,Camilla,Gina,KELP,SEASHELLS,2035.0,7,4
1084,4063600,Charlie,Gina,KELP,SEASHELLS,2035.0,1,4
1085,4063600,Camilla,Gina,SQUID_INK,SEASHELLS,2009.0,7,4
1087,4063700,Gina,Charlie,RAINFOREST_RESIN,SEASHELLS,10003.0,9,4
1201,4071100,Gina,Camilla,RAINFOREST_RESIN,SEASHELLS,10003.0,6,4
1202,4071100,Gina,Caesar,RAINFOREST_RESIN,SEASHELLS,10003.0,1,4
1224,4073200,Paris,Gina,RAINFOREST_RESIN,SEASHELLS,10001.0,1,4
1271,4076000,Charlie,Gina,KELP,SEASHELLS,2036.0,7,4
1273,4076000,Charlie,Gina,SQUID_INK,SEASHELLS,2019.0,7,4
1378,4080100,Charlie,Gina,KELP,SEASHELLS,2037.0,8,4
1381,4080100,Charlie,Gina,SQUID_INK,SEASHELLS,2006.0,8,4
1408,4081800,Gina,Charlie,RAINFOREST_RESIN,SEASHELLS,10003.0,8,4
1447,4085200,Gina,Paris,KELP,SEASHELLS,2037.0,1,4
1448,4085200,Gina,Paris,SQUID_INK,SEASHELLS,2017.0,1,4
1529,4091300,Charlie,Gina,RAINFOREST_RESIN,SEASHELLS,9997.0,6,4
1553,4092100,Gina,Paris,RAINFOREST_RESIN,SEASHELLS,9999.0,1,4
1593,4093700,Paris,Gina,RAINFOREST_RESIN,SEASHELLS,10001.0,1,4
1644,4096800,Charlie,Gina,RAINFOREST_RESIN,SEASHELLS,9997.0,8,4
1654,4097500,Gina,Charlie,RAINFOREST_RESIN,SEASHELLS,10003.0,8,4
1703,4100800,Gina,Paris,RAINFOREST_RESIN,SEASHELLS,10003.0,1,4
1704,4100800,Gina,Caesar,RAINFOREST_RESIN,SEASHELLS,10003.0,11,4
1733,4103000,Caesar,Gina,KELP,SEASHELLS,2031.0,2,4
1734,4103000,Charlie,Gina,KELP,SEASHELLS,2031.0,6,4
1736,4103000,Charlie,Gina,SQUID_INK,SEASHELLS,2025.0,8,4
1754,4103800,Camilla,Gina,KELP,SEASHELLS,2031.0,2,4
1755,4103800,Charlie,Gina,KELP,SEASHELLS,2031.0,6,4
1756,4103800,Camilla,Gina,SQUID_INK,SEASHELLS,2025.0,2,4
1757,4103800,Charlie,Gina,SQUID_INK,SEASHELLS,2025.0,6,4
1790,4106200,Gina,Camilla,KELP,SEASHELLS,2034.0,1,4
1792,4106200,Gina,Camilla,SQUID_INK,SEASHELLS,2027.0,1,4
1814,4107100,Gina,Camilla,KELP,SEASHELLS,2034.0,6,4
1815,4107100,Gina,Charlie,KELP,SEASHELLS,2034.0,3,4
1817,4107100,Gina,Camilla,SQUID_INK,SEASHELLS,2024.0,6,4
1818,4107100,Gina,Charlie,SQUID_INK,SEASHELLS,2024.0,3,4
1937,4113900,Gina,Charlie,SQUID_INK,SEASHELLS,2035.0,9,4
2054,4119900,Gina,Pablo,KELP,SEASHELLS,2032.0,2,4
2055,4119900,Gina,Charlie,KELP,SEASHELLS,2034.0,8,4
2057,4119900,Gina,Pablo,SQUID_INK,SEASHELLS,2021.0,2,4
2315,4132100,Paris,Gina,RAINFOREST_RESIN,SEASHELLS,10001.0,1,4
2316,4132100,Paris,Gina,RAINFOREST_RESIN,SEASHELLS,9997.0,1,4
2413,4137600,Gina,Caesar,RAINFOREST_RESIN,SEASHELLS,10003.0,9,4
2479,4140900,Charlie,Gina,SQUID_INK,SEASHELLS,1999.0,7,4
2482,4141100,Gina,Paris,RAINFOREST_RESIN,SEASHELLS,9999.0,1,4
2483,4141100,Gina,Charlie,RAINFOREST_RESIN,SEASHELLS,10003.0,8,4
2504,4142300,Gina,Charlie,KELP,SEASHELLS,2033.0,10,4
2792,4159100,Gina,Caesar,RAINFOREST_RESIN,SEASHELLS,10003.0,11,4
2841,4161400,Charlie,Gina,KELP,SEASHELLS,2029.0,7,4
2842,4161400,Charlie,Gina,SQUID_INK,SEASHELLS,2036.0,7,4
2897,4164200,Camilla,Gina,KELP,SEASHELLS,2029.0,7,4
2898,4164200,Charlie,Gina,KELP,SEASHELLS,2029.0,3,4
2899,4164200,Camilla,Gina,SQUID_INK,SEASHELLS,2029.0,7,4
2900,4164200,Charlie,Gina,SQUID_INK,SEASHELLS,2029.0,3,4
3332,4188500,Charlie,Gina,KELP,SEASHELLS,2030.0,9,4
3435,4195100,Gina,Charlie,RAINFOREST_RESIN,SEASHELLS,10003.0,9,4
3475,4197700,Charlie,Gina,RAINFOREST_RESIN,SEASHELLS,9997.0,7,4
3565,4202900,Charlie,Gina,KELP,SEASHELLS,2032.0,10,4
3567,4202900,Charlie,Gina,SQUID_INK,SEASHELLS,1996.0,10,4
3835,4219500,Caesar,Gina,KELP,SEASHELLS,2031.0,1,4
3888,4222400,Charlie,Gina,KELP,SEASHELLS,2030.0,10,4
3890,4222400,Charlie,Gina,SQUID_INK,SEASHELLS,2006.0,10,4
3942,4225700,Gina,Camilla,KELP,SEASHELLS,2031.0,4,4
3943,4225700,Gina,Camilla,SQUID_INK,SEASHELLS,2012.0,4,4
3946,4225800,Gina,Camilla,RAINFOREST_RESIN,SEASHELLS,10003.0,5,4
3948,4225900,Gina,Charlie,KELP,SEASHELLS,2031.0,8,4
3950,4225900,Gina,Charlie,SQUID_INK,SEASHELLS,2009.0,8,4
4010,4229600,Camilla,Gina,KELP,SEASHELLS,2030.0,3,4
4011,4229600,Camilla,Gina,SQUID_INK,SEASHELLS,2005.0,3,4
4012,4229600,Charlie,Gina,SQUID_INK,SEASHELLS,2005.0,5,4
4045,4232700,Camilla,Gina,KELP,SEASHELLS,2030.0,3,4
4048,4232700,Camilla,Gina,SQUID_INK,SEASHELLS,2005.0,3,4
4050,4232700,Charlie,Gina,SQUID_INK,SEASHELLS,2005.0,6,4
4112,4235900,Gina,Charlie,RAINFOREST_RESIN,SEASHELLS,10003.0,10,4
4135,4237800,Gina,Charlie,RAINFOREST_RESIN,SEASHELLS,10003.0,9,4
4243,4245100,Caesar,Gina,KELP,SEASHELLS,2025.0,2,4
4244,4245100,Paris,Gina,KELP,SEASHELLS,2025.0,1,4
4245,4245100,Charlie,Gina,KELP,SEASHELLS,2025.0,6,4
4246,4245100,Charlie,Gina,SQUID_INK,SEASHELLS,2004.0,9,4
4263,4246500,Charlie,Gina,SQUID_INK,SEASHELLS,2007.0,9,4
4282,4248300,Gina,Camilla,KELP,SEASHELLS,2028.0,5,4
4283,4248300,Gina,Paris,KELP,SEASHELLS,2028.0,1,4
4284,4248300,Gina,Camilla,SQUID_INK,SEASHELLS,2025.0,5,4
4285,4248300,Gina,Paris,SQUID_INK,SEASHELLS,2025.0,1,4
4296,4249100,Gina,Charlie,RAINFOREST_RESIN,SEASHELLS,10003.0,9,4
4320,4251300,Gina,Charlie,RAINFOREST_RESIN,SEASHELLS,10003.0,6,4
4371,4254300,Charlie,Gina,SQUID_INK,SEASHELLS,2032.0,10,4
4406,4257000,Caesar,Gina,RAINFOREST_RESIN,SEASHELLS,9997.0,6,4
4449,4259100,Charlie,Gina,KELP,SEASHELLS,2025.0,9,4
4451,4259100,Charlie,Gina,SQUID_INK,SEASHELLS,2017.0,9,4
4528,4263400,Charlie,Gina,RAINFOREST_RESIN,SEASHELLS,9997.0,8,4
4569,4265300,Gina,Charlie,RAINFOREST_RESIN,SEASHELLS,10003.0,10,4
4788,4278700,Charlie,Gina,KELP,SEASHELLS,2025.0,8,4
4790,4278700,Charlie,Gina,SQUID_INK,SEASHELLS,2015.0,8,4
4830,4280900,Charlie,Gina,KELP,SEASHELLS,2025.0,9,4
4831,4280900,Charlie,Gina,SQUID_INK,SEASHELLS,2013.0,9,4
4979,4289900,Camilla,Gina,RAINFOREST_RESIN,SEASHELLS,9997.0,6,4
5075,4295700,Charlie,Gina,RAINFOREST_RESIN,SEASHELLS,9997.0,6,4
5149,4299100,Gina,Camilla,KELP,SEASHELLS,2025.0,7,4
5151,4299100,Gina,Camilla,SQUID_INK,SEASHELLS,1984.0,7,4
5286,4306900,Gina,Charlie,RAINFOREST_RESIN,SEASHELLS,10003.0,10,4
5368,4312300,Camilla,Gina,RAINFOREST_RESIN,SEASHELLS,9997.0,7,4
5369,4312300,Caesar,Gina,RAINFOREST_RESIN,SEASHELLS,9997.0,2,4
5529,4322600,Gina,Pablo,KELP,SEASHELLS,2022.0,4,4
5531,4322600,Gina,Pablo,SQUID_INK,SEASHELLS,1987.0,4,4
5586,4325600,Gina,Caesar,RAINFOREST_RESIN,SEASHELLS,10003.0,7,4
5716,4331200,Caesar,Gina,KELP,SEASHELLS,2021.0,2,4
5718,4331200,Charlie,Gina,KELP,SEASHELLS,2021.0,6,4
5719,4331200,Charlie,Gina,SQUID_INK,SEASHELLS,1997.0,8,4
5803,4337200,Charlie,Gina,KELP,SEASHELLS,2021.0,8,4
5804,4337200,Charlie,Gina,SQUID_INK,SEASHELLS,2000.0,8,4
5814,4337700,Charlie,Gina,KELP,SEASHELLS,2020.0,9,4
5819,4337700,Charlie,Gina,SQUID_INK,SEASHELLS,2000.0,9,4
5831,4338500,Charlie,Gina,SQUID_INK,SEASHELLS,1997.0,10,4
5876,4341400,Camilla,Gina,KELP,SEASHELLS,2019.0,1,4
5877,4341400,Charlie,Gina,KELP,SEASHELLS,2019.0,8,4
5878,4341400,Camilla,Gina,SQUID_INK,SEASHELLS,1999.0,1,4
5879,4341400,Charlie,Gina,SQUID_INK,SEASHELLS,1999.0,8,4
5895,4342200,Charlie,Gina,KELP,SEASHELLS,2019.0,10,4
5898,4342200,Charlie,Gina,SQUID_INK,SEASHELLS,1998.0,10,4
5924,4344000,Charlie,Gina,KELP,SEASHELLS,2020.0,8,4
5925,4344000,Charlie,Gina,SQUID_INK,SEASHELLS,1995.0,8,4
5994,4348600,Gina,Camilla,KELP,SEASHELLS,2025.0,6,4
5995,4348600,Gina,Camilla,SQUID_INK,SEASHELLS,2016.0,6,4
6010,4349200,Gina,Camilla,KELP,SEASHELLS,2026.0,2,4
6011,4349200,Gina,Camilla,SQUID_INK,SEASHELLS,2017.0,2,4
6012,4349200,Gina,Charlie,SQUID_INK,SEASHELLS,2017.0,6,4
6025,4349900,Gina,Pablo,RAINFOREST_RESIN,SEASHELLS,9998.0,4,4
6026,4349900,Gina,Paris,RAINFOREST_RESIN,SEASHELLS,9999.0,1,4
6027,4349900,Gina,Pablo,RAINFOREST_RESIN,SEASHELLS,10003.0,5,4
6080,4353100,Charlie,Gina,KELP,SEASHELLS,2024.0,9,4
6082,4353100,Charlie,Gina,SQUID_INK,SEASHELLS,1998.0,9,4
6182,4358300,Gina,Camilla,KELP,SEASHELLS,2025.0,5,4
6183,4358300,Gina,Charlie,KELP,SEASHELLS,2025.0,4,4
6184,4358300,Gina,Camilla,SQUID_INK,SEASHELLS,2011.0,5,4
6286,4365000,Penelope,Gina,RAINFOREST_RESIN,SEASHELLS,9997.0,5,4
6316,4366600,Charlie,Gina,KELP,SEASHELLS,2024.0,10,4
6317,4366600,Charlie,Gina,SQUID_INK,SEASHELLS,1995.0,10,4
6623,4385400,Camilla,Gina,KELP,SEASHELLS,2023.0,5,4
6624,4385400,Charlie,Gina,KELP,SEASHELLS,2023.0,3,4
6627,4385400,Camilla,Gina,SQUID_INK,SEASHELLS,2011.0,5,4
6628,4385400,Charlie,Gina,SQUID_INK,SEASHELLS,2011.0,3,4
6776,4393600,Gina,Caesar,RAINFOREST_RESIN,SEASHELLS,10003.0,7,4
6865,4396900,Camilla,Gina,KELP,SEASHELLS,2021.0,1,4
6866,4396900,Charlie,Gina,KELP,SEASHELLS,2021.0,6,4
6872,4396900,Charlie,Gina,SQUID_INK,SEASHELLS,1995.0,7,4
6959,4400800,Camilla,Gina,RAINFOREST_RESIN,SEASHELLS,9997.0,4,4
7036,4405600,Charlie,Gina,KELP,SEASHELLS,2021.0,9,4
7037,4405600,Charlie,Gina,SQUID_INK,SEASHELLS,1992.0,9,4
7289,4422100,Gina,Paris,RAINFOREST_RESIN,SEASHELLS,9999.0,1,4
7290,4422100,Gina,Gary,RAINFOREST_RESIN,SEASHELLS,10003.0,6,4
7339,4425400,Camilla,Gina,RAINFOREST_RESIN,SEASHELLS,9997.0,6,4
7340,4425400,Charlie,Gina,RAINFOREST_RESIN,SEASHELLS,9997.0,4,4
7376,4427000,Charlie,Gina,RAINFOREST_RESIN,SEASHELLS,9997.0,9,4
7403,4429300,Paris,Gina,KELP,SEASHELLS,2014.0,1,4
7404,4429300,Charlie,Gina,KELP,SEASHELLS,2012.0,6,4
7405,4429300,Paris,Gina,SQUID_INK,SEASHELLS,1978.0,1,4
7406,4429300,Charlie,Gina,SQUID_INK,SEASHELLS,1976.0,6,4
7432,4430700,Pablo,Gina,RAINFOREST_RESIN,SEASHELLS,10002.0,4,4
7433,4430700,Caesar,Gina,RAINFOREST_RESIN,SEASHELLS,9997.0,2,4
7439,4431000,Gina,Charlie,KELP,SEASHELLS,2014.0,10,4
7532,4435800,Gina,Charlie,KELP,SEASHELLS,2015.0,10,4
7560,4437500,Charlie,Gina,RAINFOREST_RESIN,SEASHELLS,9997.0,10,4
7629,4441600,Caesar,Gina,RAINFOREST_RESIN,SEASHELLS,9997.0,8,4
8003,4462000,Penelope,Gina,RAINFOREST_RESIN,SEASHELLS,9997.0,4,4
8149,4470000,Gina,Camilla,RAINFOREST_RESIN,SEASHELLS,10003.0,5,4
8160,4470500,Gina,Charlie,KELP,SEASHELLS,2016.0,9,4
8161,4470500,Gina,Charlie,SQUID_INK,SEASHELLS,1983.0,9,4
8179,4472200,Gina,Camilla,RAINFOREST_RESIN,SEASHELLS,10003.0,2,4
8180,4472200,Gina,Caesar,RAINFOREST_RESIN,SEASHELLS,10003.0,6,4
8248,4476600,Gina,Charlie,RAINFOREST_RESIN,SEASHELLS,10003.0,10,4
8268,4477900,Charlie,Gina,KELP,SEASHELLS,2014.0,8,4
8270,4477900,Charlie,Gina,SQUID_INK,SEASHELLS,1974.0,8,4
8386,4483800,Charlie,Gina,KELP,SEASHELLS,2013.0,10,4
8388,4483800,Charlie,Gina,SQUID_INK,SEASHELLS,1967.0,10,4
8435,4487400,Charlie,Gina,KELP,SEASHELLS,2012.0,9,4
8436,4487400,Charlie,Gina,SQUID_INK,SEASHELLS,1973.0,9,4
8629,4498200,Gina,Charlie,RAINFOREST_RESIN,SEASHELLS,10003.0,6,4
8659,4499400,Caesar,Gina,RAINFOREST_RESIN,SEASHELLS,9997.0,7,4
8805,4507500,Camilla,Gina,RAINFOREST_RESIN,SEASHELLS,9997.0,4,4
8806,4507500,Charlie,Gina,RAINFOREST_RESIN,SEASHELLS,9997.0,5,4
8834,4508600,Caesar,Gina,RAINFOREST_RESIN,SEASHELLS,9997.0,10,4
8835,4508700,Gina,Charlie,RAINFOREST_RESIN,SEASHELLS,10003.0,10,4
8841,4509100,Charlie,Gina,KELP,SEASHELLS,2012.0,8,4
8843,4509100,Charlie,Gina,SQUID_INK,SEASHELLS,1954.0,8,4
8856,4509900,Charlie,Gina,SQUID_INK,SEASHELLS,1955.0,10,4
9104,4522600,Charlie,Gina,RAINFOREST_RESIN,SEASHELLS,9997.0,7,4
9189,4527300,Camilla,Gina,KELP,SEASHELLS,2012.0,5,4
9190,4527300,Charlie,Gina,KELP,SEASHELLS,2012.0,3,4
9191,4527300,Camilla,Gina,SQUID_INK,SEASHELLS,1951.0,5,4
9192,4527300,Charlie,Gina,SQUID_INK,SEASHELLS,1951.0,3,4
9215,4528800,Caesar,Gina,KELP,SEASHELLS,2011.0,3,4
9216,4528800,Charlie,Gina,KELP,SEASHELLS,2011.0,5,4
9217,4528800,Caesar,Gina,SQUID_INK,SEASHELLS,1959.0,3,4
9218,4528800,Charlie,Gina,SQUID_INK,SEASHELLS,1959.0,5,4
9381,4537000,Gina,Penelope,RAINFOREST_RESIN,SEASHELLS,10003.0,6,4
9382,4537000,Gina,Charlie,RAINFOREST_RESIN,SEASHELLS,10003.0,4,4
9406,4538900,Gina,Camilla,KELP,SEASHELLS,2014.0,8,4
9407,4538900,Gina,Camilla,SQUID_INK,SEASHELLS,1943.0,8,4
9415,4539200,Gina,Charlie,RAINFOREST_RESIN,SEASHELLS,10003.0,6,4
9483,4541900,Charlie,Gina,KELP,SEASHELLS,2012.0,8,4
9485,4541900,Charlie,Gina,SQUID_INK,SEASHELLS,1932.0,8,4
9596,4549700,Camilla,Gina,KELP,SEASHELLS,2011.0,2,4
9597,4549700,Charlie,Gina,KELP,SEASHELLS,2011.0,5,4
9599,4549700,Camilla,Gina,SQUID_INK,SEASHELLS,1925.0,2,4
9600,4549700,Charlie,Gina,SQUID_INK,SEASHELLS,1925.0,5,4
9655,4554400,Charlie,Gina,KELP,SEASHELLS,2011.0,9,4
9657,4554400,Charlie,Gina,SQUID_INK,SEASHELLS,1926.0,9,4
9766,4561300,Charlie,Gina,KELP,SEASHELLS,2009.0,9,4
9838,4565300,Charlie,Gina,SQUID_INK,SEASHELLS,1939.0,8,4
9942,4571400,Gina,Caesar,KELP,SEASHELLS,2013.0,5,4
9943,4571400,Gina,Charlie,KELP,SEASHELLS,2013.0,4,4
9944,4571400,Gina,Caesar,SQUID_INK,SEASHELLS,1945.0,5,4
9945,4571400,Gina,Charlie,SQUID_INK,SEASHELLS,1945.0,4,4
10027,4575700,Gina,Charlie,SQUID_INK,SEASHELLS,1938.0,8,4
10117,4582200,Caesar,Gina,KELP,SEASHELLS,2012.0,1,4
10118,4582200,Charlie,Gina,SQUID_INK,SEASHELLS,1936.0,9,4
10119,4582300,Charlie,Gina,KELP,SEASHELLS,2012.0,8,4
10120,4582300,Charlie,Gina,SQUID_INK,SEASHELLS,1936.0,8,4
10318,4594000,Gina,Paris,RAINFOREST_RESIN,SEASHELLS,10003.0,2,4
10360,4598000,Charlie,Gina,KELP,SEASHELLS,2013.0,8,4
10361,4598000,Charlie,Gina,SQUID_INK,SEASHELLS,1938.0,8,4
10451,4602500,Charlie,Gina,KELP,SEASHELLS,2012.0,8,4
10452,4602500,Charlie,Gina,SQUID_INK,SEASHELLS,1937.0,8,4
10608,4610900,Charlie,Gina,KELP,SEASHELLS,2012.0,7,4
10610,4610900,Charlie,Gina,SQUID_INK,SEASHELLS,1935.0,7,4
10616,4611200,Charlie,Gina,RAINFOREST_RESIN,SEASHELLS,9997.0,9,4
10636,4612700,Gina,Paris,KELP,SEASHELLS,2011.0,1,4
10637,4612700,Gina,Pablo,KELP,SEASHELLS,2012.0,4,4
10638,4612700,Gina,Paris,SQUID_INK,SEASHELLS,1942.0,1,4
10639,4612700,Gina,Pablo,SQUID_INK,SEASHELLS,1943.0,4,4
10650,4613200,Gina,Paris,RAINFOREST_RESIN,SEASHELLS,9999.0,1,4
10742,4619500,Paris,Gina,KELP,SEASHELLS,2013.0,1,4
10743,4619500,Charlie,Gina,KELP,SEASHELLS,2011.0,8,4
10744,4619500,Paris,Gina,SQUID_INK,SEASHELLS,1950.0,1,4
10745,4619500,Charlie,Gina,SQUID_INK,SEASHELLS,1948.0,8,4
10749,4619800,Paris,Gina,RAINFOREST_RESIN,SEASHELLS,10001.0,1,4
10750,4619800,Camilla,Gina,RAINFOREST_RESIN,SEASHELLS,9997.0,7,4
10813,4623700,Camilla,Gina,RAINFOREST_RESIN,SEASHELLS,9997.0,4,4
10863,4628300,Gina,Paris,RAINFOREST_RESIN,SEASHELLS,10003.0,2,4
10946,4633100,Gina,Charlie,RAINFOREST_RESIN,SEASHELLS,10003.0,7,4
11270,4651800,Charlie,Gina,KELP,SEASHELLS,2008.0,10,4
11271,4651800,Caesar,Gina,SQUID_INK,SEASHELLS,1960.0,2,4
11347,4656000,Gina,Caesar,RAINFOREST_RESIN,SEASHELLS,10003.0,11,4
11357,4656800,Charlie,Gina,RAINFOREST_RESIN,SEASHELLS,9997.0,7,4
11408,4659600,Camilla,Gina,KELP,SEASHELLS,2009.0,7,4
11410,4659600,Charlie,Gina,KELP,SEASHELLS,2009.0,1,4
11412,4659600,Camilla,Gina,SQUID_INK,SEASHELLS,1958.0,7,4
11762,4680900,Paris,Gina,KELP,SEASHELLS,2013.0,1,4
11763,4680900,Caesar,Gina,KELP,SEASHELLS,2011.0,1,4
11764,4680900,Charlie,Gina,KELP,SEASHELLS,2011.0,8,4
11765,4680900,Paris,Gina,SQUID_INK,SEASHELLS,1962.0,1,4
11766,4680900,Charlie,Gina,SQUID_INK,SEASHELLS,1960.0,9,4
11767,4681000,Gina,Paris,KELP,SEASHELLS,2012.0,2,4
11768,4681000,Gina,Paris,SQUID_INK,SEASHELLS,1963.0,2,4
11893,4687600,Charlie,Gina,KELP,SEASHELLS,2012.0,7,4
11894,4687600,Charlie,Gina,SQUID_INK,SEASHELLS,1968.0,7,4
11944,4690700,Charlie,Gina,SQUID_INK,SEASHELLS,1971.0,8,4
12095,4700800,Gina,Charlie,RAINFOREST_RESIN,SEASHELLS,10003.0,9,4
12204,4706400,Gina,Charlie,RAINFOREST_RESIN,SEASHELLS,10003.0,7,4
12294,4711400,Charlie,Gina,KELP,SEASHELLS,2012.0,10,4
12295,4711400,Charlie,Gina,SQUID_INK,SEASHELLS,1957.0,10,4
12342,4713900,Charlie,Gina,KELP,SEASHELLS,2012.0,10,4
12343,4713900,Charlie,Gina,SQUID_INK,SEASHELLS,1965.0,10,4
12406,4717900,Gina,Charlie,RAINFOREST_RESIN,SEASHELLS,10003.0,6,4
12521,4723700,Gina,Caesar,RAINFOREST_RESIN,SEASHELLS,10003.0,10,4
12596,4727000,Charlie,Gina,KELP,SEASHELLS,2011.0,8,4
12597,4727000,Charlie,Gina,SQUID_INK,SEASHELLS,1968.0,8,4
12643,4729700,Gina,Camilla,RAINFOREST_RESIN,SEASHELLS,10003.0,3,4
12772,4736600,Charlie,Gina,KELP,SEASHELLS,2010.0,10,4
12773,4736600,Charlie,Gina,SQUID_INK,SEASHELLS,1977.0,10,4
12795,4737800,Charlie,Gina,KELP,SEASHELLS,2010.0,8,4
12841,4739700,Charlie,Gina,KELP,SEASHELLS,2010.0,8,4
12842,4739700,Charlie,Gina,SQUID_INK,SEASHELLS,1967.0,8,4
12936,4745500,Pablo,Gina,RAINFOREST_RESIN,SEASHELLS,10002.0,4,4
12949,4746400,Gina,Charlie,RAINFOREST_RESIN,SEASHELLS,10003.0,6,4
12976,4748300,Charlie,Gina,KELP,SEASHELLS,2009.0,9,4
12977,4748300,Charlie,Gina,SQUID_INK,SEASHELLS,1963.0,9,4
13028,4751600,Gina,Paris,KELP,SEASHELLS,2009.0,1,4
13029,4751600,Gina,Paris,SQUID_INK,SEASHELLS,1965.0,1,4
13054,4753900,Charlie,Gina,KELP,SEASHELLS,2009.0,8,4
13055,4753900,Charlie,Gina,SQUID_INK,SEASHELLS,1963.0,8,4
13076,4755000,Gina,Caesar,RAINFOREST_RESIN,SEASHELLS,10003.0,5,4
13206,4761900,Charlie,Gina,RAINFOREST_RESIN,SEASHELLS,9997.0,8,4
13248,4764900,Gina,Charlie,KELP,SEASHELLS,2012.0,9,4
13311,4768400,Gina,Camilla,KELP,SEASHELLS,2011.0,8,4
13314,4768400,Gina,Camilla,SQUID_INK,SEASHELLS,1959.0,8,4
13331,4769500,Charlie,Gina,RAINFOREST_RESIN,SEASHELLS,9997.0,6,4
13368,4772300,Gina,Paris,KELP,SEASHELLS,2010.0,1,4
13369,4772300,Gina,Charlie,KELP,SEASHELLS,2012.0,6,4
13370,4772300,Gina,Paris,SQUID_INK,SEASHELLS,1964.0,1,4
13497,4778400,Charlie,Gina,RAINFOREST_RESIN,SEASHELLS,9997.0,9,4
13525,4780600,Gina,Penelope,RAINFOREST_RESIN,SEASHELLS,10003.0,5,4
13606,4783700,Charlie,Gina,RAINFOREST_RESIN,SEASHELLS,9997.0,9,4
13696,4790700,Charlie,Gina,RAINFOREST_RESIN,SEASHELLS,9997.0,8,4
13711,4791700,Camilla,Gina,RAINFOREST_RESIN,SEASHELLS,9997.0,4,4
13807,4799000,Charlie,Gina,KELP,SEASHELLS,2010.0,9,4
13808,4799000,Charlie,Gina,SQUID_INK,SEASHELLS,1960.0,9,4
13861,4802100,Charlie,Gina,KELP,SEASHELLS,2009.0,9,4
13885,4804100,Camilla,Gina,RAINFOREST_RESIN,SEASHELLS,9997.0,7,4
13886,4804100,Charlie,Gina,RAINFOREST_RESIN,SEASHELLS,9997.0,2,4
13997,4810400,Charlie,Gina,KELP,SEASHELLS,2010.0,7,4
13999,4810400,Charlie,Gina,SQUID_INK,SEASHELLS,1956.0,7,4
14038,4812400,Charlie,Gina,KELP,SEASHELLS,2010.0,10,4
14102,4815000,Gina,Paris,KELP,SEASHELLS,2009.0,1,4
14103,4815000,Gina,Charlie,KELP,SEASHELLS,2011.0,7,4
14104,4815000,Gina,Paris,SQUID_INK,SEASHELLS,1954.0,1,4
14109,4815500,Charlie,Gina,RAINFOREST_RESIN,SEASHELLS,9997.0,7,4
14123,4816000,Paris,Gina,KELP,SEASHELLS,2011.0,1,4
14124,4816000,Camilla,Gina,KELP,SEASHELLS,2009.0,5,4
14125,4816000,Paris,Gina,SQUID_INK,SEASHELLS,1958.0,1,4
14126,4816000,Camilla,Gina,SQUID_INK,SEASHELLS,1956.0,5,4
14127,4816000,Charlie,Gina,SQUID_INK,SEASHELLS,1956.0,4,4
14188,4819100,Gina,Caesar,RAINFOREST_RESIN,SEASHELLS,10003.0,8,4
14224,4820900,Charlie,Gina,KELP,SEASHELLS,2009.0,10,4
14225,4820900,Charlie,Gina,SQUID_INK,SEASHELLS,1953.0,10,4
14275,4824400,Charlie,Gina,KELP,SEASHELLS,2009.0,7,4
14276,4824400,Charlie,Gina,SQUID_INK,SEASHELLS,1957.0,7,4
14283,4825000,Charlie,Gina,KELP,SEASHELLS,2009.0,8,4
14285,4825000,Charlie,Gina,SQUID_INK,SEASHELLS,1956.0,8,4
14478,4835300,Pablo,Gina,RAINFOREST_RESIN,SEASHELLS,10002.0,5,4
14479,4835300,Penelope,Gina,RAINFOREST_RESIN,SEASHELLS,9997.0,4,4
14480,4835300,Charlie,Gina,RAINFOREST_RESIN,SEASHELLS,9997.0,3,4
14482,4835400,Charlie,Gina,KELP,SEASHELLS,2011.0,10,4
14484,4835400,Charlie,Gina,SQUID_INK,SEASHELLS,1958.0,10,4
14530,4838300,Gina,Penelope,KELP,SEASHELLS,2013.0,8,4
14531,4838300,Gina,Penelope,SQUID_INK,SEASHELLS,1962.0,8,4
14589,4841400,Gina,Charlie,SQUID_INK,SEASHELLS,1966.0,10,4
14680,4846400,Gina,Caesar,RAINFOREST_RESIN,SEASHELLS,10003.0,6,4
14899,4860900,Charlie,Gina,KELP,SEASHELLS,2010.0,8,4
14901,4860900,Caesar,Gina,SQUID_INK,SEASHELLS,1962.0,2,4
14908,4861400,Charlie,Gina,KELP,SEASHELLS,2010.0,7,4
14910,4861400,Charlie,Gina,SQUID_INK,SEASHELLS,1961.0,7,4
14970,4865100,Gina,Camilla,KELP,SEASHELLS,2011.0,3,4
14975,4865100,Gina,Camilla,SQUID_INK,SEASHELLS,1959.0,3,4
14979,4865300,Caesar,Gina,RAINFOREST_RESIN,SEASHELLS,9997.0,12,4
15032,4868400,Gina,Charlie,RAINFOREST_RESIN,SEASHELLS,10003.0,7,4
15044,4869200,Paris,Gina,RAINFOREST_RESIN,SEASHELLS,10001.0,1,4
15045,4869200,Charlie,Gina,RAINFOREST_RESIN,SEASHELLS,9997.0,9,4
15079,4870700,Gina,Charlie,SQUID_INK,SEASHELLS,1962.0,10,4
15084,4871000,Charlie,Gina,KELP,SEASHELLS,2010.0,8,4
15086,4871000,Caesar,Gina,RAINFOREST_RESIN,SEASHELLS,9997.0,8,4
15087,4871000,Charlie,Gina,SQUID_INK,SEASHELLS,1958.0,8,4
15226,4880100,Caesar,Gina,RAINFOREST_RESIN,SEASHELLS,9997.0,10,4
15274,4882600,Paris,Gina,RAINFOREST_RESIN,SEASHELLS,9997.0,1,4
15295,4883400,Caesar,Gina,KELP,SEASHELLS,2012.0,2,4
15296,4883400,Charlie,Gina,KELP,SEASHELLS,2012.0,6,4
15297,4883400,Caesar,Gina,SQUID_INK,SEASHELLS,1962.0,2,4
15298,4883400,Charlie,Gina,SQUID_INK,SEASHELLS,1962.0,6,4
15369,4886500,Charlie,Gina,KELP,SEASHELLS,2011.0,8,4
15372,4886500,Charlie,Gina,SQUID_INK,SEASHELLS,1947.0,8,4
15436,4891100,Charlie,Gina,KELP,SEASHELLS,2012.0,10,4
15438,4891100,Caesar,Gina,SQUID_INK,SEASHELLS,1944.0,1,4
15464,4892500,Charlie,Gina,KELP,SEASHELLS,2012.0,8,4
15466,4892500,Charlie,Gina,SQUID_INK,SEASHELLS,1943.0,8,4
15678,4903700,Gina,Paris,KELP,SEASHELLS,2012.0,1,4
15679,4903700,Gina,Paris,SQUID_INK,SEASHELLS,1909.0,1,4
15700,4904800,Camilla,Gina,RAINFOREST_RESIN,SEASHELLS,9997.0,4,4
15849,4913800,Camilla,Gina,KELP,SEASHELLS,2014.0,1,4
15850,4913800,Camilla,Gina,SQUID_INK,SEASHELLS,1928.0,1,4
15851,4913800,Charlie,Gina,SQUID_INK,SEASHELLS,1928.0,6,4
15999,4921700,Camilla,Gina,KELP,SEASHELLS,2012.0,2,4
16000,4921700,Charlie,Gina,KELP,SEASHELLS,2012.0,8,4
16001,4921700,Camilla,Gina,SQUID_INK,SEASHELLS,1936.0,2,4
16002,4921700,Charlie,Gina,SQUID_INK,SEASHELLS,1936.0,8,4
16003,4921800,Gina,Charlie,RAINFOREST_RESIN,SEASHELLS,10003.0,8,4
16204,4934300,Gina,Pablo,RAINFOREST_RESIN,SEASHELLS,9998.0,4,4
16205,4934300,Gina,Caesar,RAINFOREST_RESIN,SEASHELLS,10003.0,3,4
16268,4937500,Gina,Charlie,RAINFOREST_RESIN,SEASHELLS,10003.0,8,4
16280,4938600,Gina,Charlie,SQUID_INK,SEASHELLS,1924.0,9,4
16282,4938700,Charlie,Gina,RAINFOREST_RESIN,SEASHELLS,9997.0,8,4
16358,4943600,Charlie,Gina,KELP,SEASHELLS,2014.0,8,4
16359,4943600,Caesar,Gina,SQUID_INK,SEASHELLS,1912.0,1,4
16360,4943600,Charlie,Gina,SQUID_INK,SEASHELLS,1912.0,7,4
16399,4945300,Pablo,Gina,RAINFOREST_RESIN,SEASHELLS,10002.0,3,4
16481,4951400,Gina,Charlie,RAINFOREST_RESIN,SEASHELLS,10003.0,8,4
16597,4959300,Camilla,Gina,RAINFOREST_RESIN,SEASHELLS,9997.0,7,4
16598,4959300,Caesar,Gina,RAINFOREST_RESIN,SEASHELLS,9997.0,2,4
16646,4962300,Paris,Gina,KELP,SEASHELLS,2013.0,1,4
16647,4962300,Paris,Gina,SQUID_INK,SEASHELLS,1918.0,1,4
16732,4967500,Caesar,Gina,RAINFOREST_RESIN,SEASHELLS,9997.0,2,4
16733,4967500,Penelope,Gina,RAINFOREST_RESIN,SEASHELLS,9997.0,8,4
16734,4967600,Caesar,Gina,RAINFOREST_RESIN,SEASHELLS,9997.0,6,4
16851,4973800,Charlie,Gina,RAINFOREST_RESIN,SEASHELLS,9997.0,9,4
16986,4980200,Caesar,Gina,KELP,SEASHELLS,2014.0,4,4
16987,4980200,Camilla,Gina,KELP,SEASHELLS,2014.0,2,4
16988,4980200,Charlie,Gina,KELP,SEASHELLS,2014.0,3,4
16989,4980200,Caesar,Gina,SQUID_INK,SEASHELLS,1924.0,4,4
16990,4980200,Camilla,Gina,SQUID_INK,SEASHELLS,1924.0,2,4
16991,4980200,Charlie,Gina,SQUID_INK,SEASHELLS,1924.0,3,4
17023,4981300,Pablo,Gina,RAINFOREST_RESIN,SEASHELLS,9997.0,5,4
17163,4989300,Paris,Gina,RAINFOREST_RESIN,SEASHELLS,9997.0,2,4
17193,4990600,Gina,Charlie,RAINFOREST_RESIN,SEASHELLS,10003.0,7,4
17294,4996400,Charlie,Gina,KELP,SEASHELLS,2011.0,8,4
17296,4996400,Gary,Gina,SQUID_INK,SEASHELLS,1917.0,8,4
